CRR_Final_Prices,Empirical_Final_Prices
3112.719126506793,3099.9110046785236
2603.0855307097045,2029.2869325074394
3021.3289930181077,2337.1076364279047
2242.7396340646064,2077.6194452756044
1990.7246493617502,3099.9110046785217
2762.9451932619463,2508.1086287739067
2452.475096760915,2691.6213852028077
2176.8922940999596,2629.005093627751
2310.578745598362,2392.771664451112
2846.519650269984,2177.76536533817
1875.5444527159798,2229.634261076937
2932.622094398878,2077.619445275603
1932.2765260167596,2177.7653653381703
2681.82450110444,2077.6194452756044
2681.824501104445,2282.7385435051897
2380.4698764498266,2821.3635767741093
3112.7191265067877,2567.845470509924
2526.658354191203,2337.107636427909
1932.2765260167603,2337.107636427904
2932.622094398883,2077.619445275603
2603.085530709702,2691.621385202805
2310.5787455983586,2567.845470509923
1615.912281764063,2392.7716644511156
3834.7172440029744,2077.619445275604
2762.9451932619404,2127.103116981947
2603.0855307097017,2177.7653653381703
3206.8736582183665,2567.845470509923
2112.978246843295,2957.3596331594886
2603.085530709697,2229.634261076938
2603.0855307096995,2629.0050936277526
2452.4750967609125,2821.3635767741107
1932.2765260167598,2229.6342610769398
3206.8736582183724,2229.6342610769398
3112.719126506789,2337.107636427903
2112.9782468432963,2077.619445275604
2681.8245011044482,2337.1076364279043
3206.873658218367,2177.76536533817
2762.945193261948,3027.7965043283752
2242.739634064603,2177.7653653381703
2603.0855307097017,2567.845470509921
2242.7396340645996,3099.9110046785186
2603.085530709693,2337.107636427905
2762.9451932619486,2567.8454705099216
2681.824501104444,1982.0787987952165
2526.6583541912028,2629.005093627752
2310.5787455983595,2629.0050936277526
2380.4698764498266,2337.1076364279056
2762.9451932619518,3326.7246309411607
3112.7191265067945,2337.1076364279043
2932.622094398881,1982.0787987952172
2452.47509676091,2629.005093627755
2681.8245011044373,2755.729039415429
2846.519650269979,2629.0050936277535
3303.8762065615633,2957.3596331594904
2050.940730385965,2508.1086287739095
2681.8245011044432,2629.00509362775
3612.8465365765005,2957.359633159488
2603.0855307097004,2177.76536533817
3112.7191265067877,2567.8454705099225
2603.0855307096977,2691.6213852028045
2762.945193261949,2127.103116981948
2526.6583541912046,2177.765365338172
2762.9451932619477,2282.738543505193
3403.8129192616752,2337.1076364279043
2112.9782468432936,2567.845470509921
2762.9451932619545,2449.7614696732303
1990.7246493617513,2029.2869325074385
2310.578745598365,2337.1076364279056
2846.519650269989,3405.958847712299
2932.6220943988806,2821.3635767741116
3303.8762065615615,2029.2869325074396
1932.2765260167585,2177.76536533817
2681.824501104438,2077.619445275604
2452.475096760914,2821.363576774111
2846.5196502699896,2449.761469673228
2380.469876449822,2077.619445275604
2380.4698764498307,2229.634261076937
1820.4780458442356,2755.7290394154275
3021.3289930181063,2629.0050936277544
2380.469876449826,2567.8454705099216
2050.940730385966,2337.1076364279043
1820.4780458442353,2077.6194452756044
3021.328993018099,2127.1031169819457
2681.824501104435,2888.5613637965594
2380.469876449822,2229.6342610769393
2846.5196502699814,2392.771664451114
2846.519650269987,2282.7385435051906
2176.892294099962,3570.1337081637703
2452.475096760911,2508.108628773908
2762.945193261953,2229.6342610769398
2603.0855307096967,2567.8454705099225
2762.945193261946,2229.6342610769384
2310.5787455983623,2508.108628773908
2380.4698764498253,2077.619445275605
3112.719126506783,2755.7290394154275
2310.5787455983605,2821.3635767741107
2176.8922940999623,2629.005093627754
2762.9451932619463,2629.005093627751
2762.94519326195,2508.108628773908
2526.6583541912014,2567.8454705099234
3021.3289930180986,2337.1076364279024
2762.945193261942,3099.9110046785263
2452.475096760917,2449.7614696732294
2846.519650269986,2508.108628773909
2242.7396340646014,2508.1086287739085
2681.8245011044346,2691.621385202807
2380.469876449831,2229.634261076939
3206.8736582183687,2449.761469673229
1875.5444527159782,2177.7653653381726
2452.475096760914,3570.133708163767
2603.085530709699,3173.743091119186
2846.5196502699896,2508.1086287739063
2452.475096760913,2127.103116981947
2112.9782468432927,2508.1086287739076
2380.4698764498253,2567.8454705099234
2310.57874559836,2337.1076364279065
2452.475096760914,2392.771664451113
3303.8762065615597,2567.8454705099252
2846.5196502699896,2392.771664451113
2310.5787455983623,2229.6342610769384
2242.739634064601,2449.7614696732303
2452.475096760914,1982.0787987952178
3021.328993018101,2629.0050936277494
1875.5444527159777,2282.738543505192
1820.4780458442342,2392.7716644511142
1875.5444527159773,2449.7614696732294
2380.469876449824,2392.771664451113
1434.3334204533228,2449.7614696732294
2380.4698764498303,2629.005093627752
2242.739634064604,2691.621385202808
2242.739634064607,2755.7290394154306
2176.8922940999623,3027.7965043283752
3112.719126506793,2755.7290394154265
2762.9451932619463,3249.3336722327435
1664.7909174497786,2177.7653653381703
2681.8245011044455,2282.738543505191
2846.5196502699837,2629.005093627751
2112.978246843294,2029.2869325074398
2176.89229409996,3099.9110046785204
1767.0284010606272,2691.6213852028086
1875.5444527159752,2392.7716644511142
3021.3289930181018,2282.7385435051915
3506.772549868169,2821.363576774108
2176.8922940999614,2282.738543505192
1875.5444527159766,2077.6194452756054
3021.328993018104,2282.7385435051906
2050.9407303859675,1680.9822121150212
3021.3289930181018,2508.108628773908
2176.892294099965,2229.6342610769384
2603.0855307096995,2888.561363796557
2681.8245011044355,2392.771664451112
2452.475096760911,2449.7614696732294
2380.4698764498257,2029.2869325074391
2681.8245011044423,1762.0093273665045
2526.6583541912064,2691.6213852028054
2176.892294099961,2392.771664451112
2050.940730385969,2629.0050936277535
2050.9407303859675,2821.363576774113
2762.9451932619463,2449.761469673231
2310.5787455983614,3405.958847712298
2050.9407303859693,2077.6194452756035
2452.475096760917,2508.1086287739076
1990.724649361754,2629.005093627752
2762.9451932619445,2508.1086287739076
1664.7909174497784,2755.729039415426
2242.739634064601,2957.35963315949
2932.6220943988806,2449.76146967323
1820.4780458442349,3099.9110046785217
1820.4780458442358,2755.7290394154275
1990.7246493617522,2177.7653653381676
2603.085530709697,2177.7653653381717
1875.5444527159766,1846.942131422223
2380.4698764498253,2957.3596331594863
2310.57874559836,2449.761469673231
3021.328993018104,2449.76146967323
2310.578745598363,2177.765365338171
2176.8922940999614,1846.942131422222
2380.4698764498294,2077.619445275603
2846.519650269989,2508.1086287739063
2310.57874559836,3173.743091119185
3612.8465365765005,2337.1076364279024
2176.8922940999587,2755.729039415426
2310.5787455983595,1846.9421314222222
1990.7246493617515,2888.5613637965575
2526.658354191203,2229.6342610769384
2681.824501104443,1935.9688872480763
2380.4698764498276,2629.005093627752
2526.658354191206,2392.771664451114
2526.658354191199,2449.7614696732285
2112.9782468432936,2567.845470509919
2932.6220943988733,2177.7653653381713
2526.6583541912014,3027.796504328374
2603.085530709695,2449.7614696732285
3303.8762065615647,2449.7614696732294
2452.4750967609143,2821.3635767741116
2380.469876449829,2392.7716644511147
3112.719126506788,2449.7614696732326
2242.739634064603,2629.0050936277526
3206.873658218367,2755.729039415427
2452.4750967609157,2392.7716644511147
2310.57874559836,2077.619445275604
2310.578745598363,2691.621385202803
2380.4698764498235,2449.7614696732303
2603.0855307096936,2567.845470509924
1932.2765260167564,2567.845470509921
2932.6220943988765,2691.6213852028086
2380.469876449828,2567.8454705099216
2242.7396340646023,2957.359633159491
3112.7191265067936,2691.6213852028054
2452.47509676092,3249.3336722327444
2526.6583541912046,2567.8454705099184
2603.085530709694,2629.005093627751
3303.87620656156,2508.108628773908
3112.719126506786,2077.6194452756054
3206.873658218369,2337.107636427903
2762.945193261949,2177.7653653381717
2452.4750967609143,2449.761469673233
2681.8245011044414,2508.1086287739067
1990.7246493617536,2629.005093627754
2846.5196502699837,1982.0787987952158
2932.6220943988756,2691.6213852028077
2603.085530709693,2508.1086287739085
2762.9451932619454,2177.76536533817
2242.7396340645987,2337.1076364279056
1767.0284010606272,2888.561363796558
3206.873658218373,2177.7653653381703
2846.519650269986,2337.107636427905
2846.51965026999,2229.6342610769384
2310.5787455983586,2508.108628773909
2242.739634064599,2629.0050936277544
2762.9451932619504,2567.8454705099202
2452.4750967609166,2957.3596331594877
2452.4750967609116,2508.1086287739085
1990.7246493617542,2449.7614696732303
2681.824501104444,2392.7716644511124
1820.478045844236,2755.7290394154325
3303.876206561566,2127.1031169819466
2681.824501104441,1890.9316494736318
1990.7246493617527,2449.7614696732294
3722.129083434158,2508.1086287739076
2310.5787455983605,2957.3596331594918
2452.475096760918,2229.634261076939
2380.4698764498266,2691.621385202806
3206.873658218372,2755.729039415427
2176.8922940999623,1846.9421314222207
2310.5787455983595,2821.3635767741107
2526.658354191206,3027.796504328378
2452.4750967609198,2392.771664451115
2242.739634064603,1935.9688872480765
1820.4780458442328,1721.0189821393174
2681.824501104446,2449.7614696732294
2380.469876449825,2629.0050936277567
2242.739634064603,2392.771664451115
2452.4750967609148,1762.0093273665059
2242.739634064602,2821.3635767741084
2846.5196502699896,2629.0050936277544
2050.9407303859707,2337.1076364279024
2242.7396340646033,2567.8454705099207
2762.94519326195,3027.7965043283752
3612.8465365765046,2957.3596331594886
3112.7191265067986,2392.7716644511142
2112.978246843294,2077.619445275603
2762.9451932619477,2629.0050936277526
2526.6583541912046,2567.8454705099234
1875.5444527159784,3249.333672232745
3206.8736582183687,2508.1086287739054
1932.2765260167596,2282.738543505189
2526.6583541912046,2508.1086287739063
2310.5787455983636,2337.1076364279056
3021.3289930181013,2567.8454705099216
3112.7191265067877,2229.6342610769393
2176.8922940999646,2392.7716644511147
2526.658354191199,2029.2869325074407
2380.4698764498294,2029.2869325074394
1820.478045844233,3405.958847712297
3612.846536576504,2029.2869325074412
3403.8129192616702,2508.108628773908
2603.0855307096936,2449.7614696732294
3303.8762065615683,2691.6213852028095
2310.5787455983577,2077.619445275603
2050.9407303859675,2392.771664451113
2380.4698764498294,2077.619445275604
2176.8922940999573,2229.6342610769393
2380.469876449827,3099.9110046785236
1932.2765260167596,2127.103116981948
1820.4780458442342,2567.845470509921
3722.1290834341476,2337.107636427908
2932.622094398882,2337.1076364279043
2603.0855307097027,2392.7716644511115
2050.940730385969,1935.9688872480751
2310.5787455983586,2567.8454705099216
2681.824501104443,2691.621385202807
2681.82450110444,2177.7653653381713
2310.578745598357,2229.6342610769398
2050.9407303859684,2127.103116981947
2526.658354191202,2629.005093627751
2452.4750967609143,2449.76146967323
2846.5196502699887,2449.76146967323
2380.4698764498257,2392.771664451116
2603.085530709703,2629.0050936277535
2310.5787455983623,2337.1076364279056
2932.6220943988706,2177.7653653381676
2932.622094398878,2629.005093627752
2932.6220943988783,2888.561363796555
2176.892294099961,2392.7716644511133
2242.7396340645996,2177.7653653381713
1932.2765260167575,2508.108628773909
2681.824501104438,2449.7614696732303
3612.8465365765,2508.108628773908
3112.719126506798,2888.5613637965544
2681.8245011044432,2629.0050936277544
2112.978246843292,2567.8454705099202
2846.5196502699782,2337.1076364279047
1932.2765260167582,2629.0050936277526
2846.519650269988,2821.3635767741134
2242.7396340646033,2821.3635767741075
2932.622094398871,2127.103116981948
2681.8245011044455,1935.9688872480754
2176.8922940999596,2229.634261076938
2380.4698764498266,2229.6342610769398
2380.4698764498216,2821.363576774111
2242.739634064604,2821.3635767741084
3021.3289930181104,3173.7430911191855
1664.79091744978,2449.7614696732276
2762.9451932619486,2508.108628773908
2310.578745598361,2508.1086287739067
3021.328993018102,2449.76146967323
2603.085530709694,2755.7290394154306
2452.4750967609175,2691.6213852028045
2526.658354191208,1846.9421314222234
2603.0855307096967,2282.7385435051906
3403.812919261669,1935.968887248076
3112.7191265067836,2821.363576774112
2932.622094398881,2229.6342610769393
2762.9451932619454,2077.6194452756044
2380.469876449827,2229.634261076938
2762.9451932619486,2629.005093627752
2762.9451932619404,2127.103116981947
2762.9451932619454,2567.8454705099202
2112.9782468432954,2755.729039415428
2681.824501104447,2755.729039415428
3021.328993018106,2888.561363796558
2526.6583541912073,2282.7385435051906
2050.9407303859703,2077.6194452756044
1875.5444527159782,3027.796504328378
2526.6583541912037,2392.7716644511142
2310.5787455983586,1803.9759595604721
2452.4750967609157,2629.0050936277526
2380.4698764498266,2449.7614696732307
2681.8245011044355,2392.771664451114
2762.9451932619454,2282.7385435051924
2681.824501104447,2282.7385435051915
2452.4750967609157,2282.7385435051915
2526.658354191206,2127.1031169819457
2846.5196502699782,2392.771664451112
2380.4698764498303,2567.8454705099175
2242.7396340646,2392.7716644511147
3021.3289930181018,2888.561363796559
2452.4750967609148,2282.738543505192
2310.578745598357,2508.1086287739067
2242.7396340646046,3099.911004678521
2762.9451932619518,2691.621385202806
2526.6583541912064,2392.771664451114
1568.4687338130607,2029.2869325074405
2762.9451932619477,2392.771664451113
2681.8245011044373,2691.6213852028045
3506.77254986817,2508.1086287739067
3722.1290834341453,2282.7385435051933
2932.622094398882,2508.1086287739085
2681.8245011044423,1982.0787987952165
2112.9782468432973,2629.0050936277526
3021.328993018104,2691.621385202807
2526.658354191199,2821.3635767741107
2380.4698764498266,2755.7290394154293
2526.658354191203,2127.1031169819466
2380.4698764498307,2392.771664451114
2112.97824684329,2508.108628773909
2846.5196502699846,2337.107636427903
2603.0855307097027,2337.107636427905
2452.475096760917,2127.1031169819457
2310.57874559836,2755.729039415429
2603.0855307096967,2229.6342610769384
2603.085530709701,2029.2869325074391
3303.8762065615642,3173.7430911191877
1875.5444527159766,2392.771664451112
1767.0284010606256,2508.1086287739104
2242.739634064603,2127.103116981948
2310.5787455983623,2821.363576774112
2050.940730385968,2691.6213852028077
2380.4698764498235,2392.771664451114
2846.5196502699873,2127.1031169819466
1522.418139098185,1890.9316494736313
1990.7246493617529,3099.9110046785236
2681.824501104437,1890.931649473632
2762.945193261946,2508.108628773909
2603.0855307097036,2392.7716644511142
1875.5444527159768,2077.6194452756044
3112.719126506789,2229.634261076941
2050.940730385969,2508.1086287739063
2176.8922940999605,2629.0050936277535
2310.5787455983605,2229.6342610769375
2112.978246843293,2229.6342610769398
2452.475096760913,2821.363576774111
3021.3289930180977,2177.7653653381703
2310.578745598364,2567.8454705099207
2932.622094398876,2449.7614696732317
2603.085530709705,1846.942131422222
2452.4750967609166,2282.738543505192
3303.876206561563,2177.7653653381713
2050.940730385966,2337.1076364279056
2846.5196502699905,2755.729039415426
1932.2765260167578,2567.845470509924
2681.8245011044432,2629.0050936277535
2846.5196502699864,2177.7653653381703
2112.978246843292,2229.6342610769393
2526.658354191202,1890.931649473631
2380.469876449825,2282.738543505193
2762.945193261939,2177.7653653381717
2452.475096760913,2127.103116981947
1990.7246493617529,2177.7653653381717
2603.085530709694,2691.621385202806
2380.4698764498294,2337.1076364279047
2176.8922940999614,2567.8454705099225
2681.8245011044355,2821.363576774108
2603.0855307096936,2508.108628773909
3112.7191265067877,2282.738543505192
1990.7246493617502,2229.6342610769384
2112.9782468432927,2449.7614696732285
2310.5787455983636,2888.561363796559
2762.9451932619477,2392.771664451112
1875.5444527159768,2629.005093627754
2681.8245011044346,2567.8454705099225
1875.544452715978,2449.7614696732294
2380.4698764498244,3099.9110046785204
3303.876206561568,3027.79650432838
2526.6583541912037,1680.982212115022
3021.3289930181068,2508.1086287739067
1990.7246493617529,3099.9110046785204
2762.9451932619477,2077.619445275604
2050.9407303859675,2449.761469673231
2452.47509676091,2755.729039415426
2932.6220943988774,2127.103116981948
2112.9782468432954,2077.6194452756054
2932.6220943988765,2282.738543505191
2050.9407303859693,2821.363576774112
3403.8129192616702,2691.6213852028072
2310.578745598357,2029.2869325074391
2050.94073038597,2629.005093627754
2176.8922940999614,2337.1076364279056
2526.658354191201,2567.845470509923
1932.2765260167569,2629.005093627754
2050.9407303859684,2077.6194452756054
3506.772549868174,2821.363576774111
2526.6583541912064,2449.7614696732285
2380.4698764498303,2449.7614696732276
3021.328993018107,2567.8454705099207
2846.519650269988,1982.0787987952165
3722.1290834341503,2282.738543505193
2932.62209439888,2508.1086287739104
3206.8736582183756,2229.63426107694
2846.5196502699782,2229.6342610769384
2050.94073038597,2077.6194452756044
2932.6220943988815,2691.621385202808
2050.9407303859666,2229.634261076939
4585.4804113559585,2567.845470509923
2050.9407303859666,2337.107636427905
1767.0284010606276,2957.359633159489
2762.945193261949,2957.359633159486
3112.719126506797,2282.7385435051897
2762.945193261953,2127.103116981947
1990.72464936175,2337.1076364279043
2681.8245011044432,2127.1031169819453
2526.658354191206,3027.796504328375
2452.475096760915,2449.7614696732285
2380.4698764498235,2508.1086287739076
1875.5444527159768,2282.7385435051915
2050.9407303859666,2282.7385435051915
2380.4698764498257,2392.7716644511115
2112.9782468432923,2449.7614696732317
2526.6583541912087,2957.359633159487
2603.085530709702,2177.7653653381694
2242.7396340646014,2957.359633159489
2526.658354191208,1846.942131422223
3206.8736582183674,2755.7290394154297
1820.478045844236,2449.7614696732303
3722.12908343415,2337.1076364279047
2762.945193261948,2449.7614696732294
2681.8245011044373,1982.0787987952167
2526.658354191208,2392.7716644511133
2603.085530709703,2177.7653653381713
2242.739634064604,2821.363576774112
2846.519650269986,2755.7290394154243
1767.028401060627,2077.6194452756044
1990.7246493617524,2077.6194452756054
2310.5787455983573,2755.7290394154265
2846.519650269985,2691.621385202806
2762.9451932619454,2449.7614696732307
2762.945193261943,2282.7385435051915
2681.824501104445,3099.9110046785213
1875.5444527159782,2957.3596331594886
2380.4698764498266,2337.1076364279043
2762.9451932619395,2629.0050936277516
2242.7396340646037,2229.6342610769393
2932.62209439888,2029.2869325074385
2452.475096760911,2029.2869325074394
2112.978246843297,2629.005093627754
2242.7396340645996,2337.1076364279047
2310.578745598362,2282.7385435051915
2050.940730385969,2282.7385435051888
3112.7191265067877,2957.359633159486
2932.6220943988815,2629.0050936277494
2380.469876449824,2567.845470509921
2380.469876449826,2508.1086287739067
2603.085530709703,2077.6194452756044
2310.5787455983595,2177.7653653381694
3112.719126506794,2567.845470509923
2112.9782468432963,2077.619445275603
2380.469876449825,2755.7290394154293
2310.578745598362,2957.359633159488
2380.469876449826,2888.5613637965616
3021.3289930181063,1935.968887248076
2762.9451932619418,2629.0050936277535
2112.9782468432954,2755.729039415429
2310.57874559836,2077.6194452756035
1932.2765260167582,1890.931649473631
2242.739634064601,2755.729039415429
2526.658354191206,2755.7290394154275
1990.7246493617513,2449.761469673229
2380.4698764498244,2821.3635767741102
1875.5444527159807,2337.107636427905
2242.7396340646023,2392.7716644511142
2380.4698764498244,2508.1086287739095
1820.4780458442333,2755.7290394154243
2762.945193261948,1803.9759595604733
2681.8245011044432,2449.761469673229
3206.8736582183687,2629.0050936277516
3112.7191265067872,2449.7614696732303
2526.658354191201,2127.1031169819453
3403.812919261672,2821.3635767741102
1477.7196001992,2691.621385202807
3021.3289930181063,2629.0050936277544
2242.739634064602,2691.6213852028072
2762.945193261943,2567.845470509921
2681.8245011044373,2449.7614696732285
2603.085530709702,2229.6342610769398
2310.5787455983623,2755.729039415429
2932.622094398881,2229.6342610769384
2846.5196502699823,2449.7614696732294
2452.4750967609184,3487.0802243189537
2380.469876449829,2508.1086287739104
2526.6583541912046,2392.771664451112
2681.8245011044455,1846.9421314222232
2932.62209439888,2392.771664451113
2310.5787455983595,2821.3635767741116
2603.0855307097027,2392.771664451113
2762.9451932619463,1935.9688872480763
2452.4750967609193,2177.7653653381717
2526.6583541912,2337.107636427904
2176.89229409996,2821.3635767741102
2380.4698764498257,2392.771664451114
1932.276526016757,2691.621385202805
2380.4698764498216,2029.2869325074394
2932.6220943988787,2821.3635767741093
2681.824501104446,1935.968887248075
2526.658354191204,2567.8454705099216
2932.622094398876,2337.107636427903
1990.7246493617538,1982.078798795218
2526.658354191201,2508.1086287739085
2681.8245011044432,2449.7614696732303
3303.8762065615647,2691.621385202807
2242.739634064601,2392.771664451113
2932.622094398882,2449.7614696732285
2050.940730385969,2449.7614696732317
2452.4750967609175,2755.729039415425
2112.9782468432945,3173.7430911191836
3021.3289930181063,2755.7290394154275
2176.892294099962,2449.7614696732303
2681.824501104446,3099.9110046785213
1932.2765260167578,2691.621385202806
2846.5196502699832,2282.738543505192
1767.0284010606256,2691.621385202806
2176.8922940999587,2282.73854350519
2380.469876449828,2077.619445275604
2762.945193261949,3173.743091119185
2380.469876449822,2449.7614696732317
1767.0284010606254,2229.6342610769393
3506.772549868172,2629.005093627752
1767.0284010606279,2755.729039415427
3206.87365821837,2755.729039415428
3403.8129192616766,2449.76146967323
1477.7196001991997,2567.8454705099216
2452.475096760915,2077.6194452756035
2603.0855307097027,2337.1076364279043
2112.9782468432936,2629.005093627751
2603.085530709693,1803.9759595604714
3303.8762065615733,2282.738543505193
2176.8922940999596,2337.1076364279047
2452.4750967609148,2337.107636427903
1664.7909174497804,2629.0050936277507
2526.658354191199,2888.5613637965535
2176.892294099962,2337.107636427907
2846.519650269984,2392.771664451112
2242.7396340646014,2392.7716644511133
2310.578745598358,2392.771664451113
2380.4698764498276,2508.1086287739063
2681.824501104448,1982.078798795217
2932.62209439888,2691.621385202804
2762.9451932619477,2755.7290394154265
2762.9451932619486,2177.765365338171
2452.4750967609175,2337.107636427905
2310.5787455983595,2229.63426107694
2603.085530709703,2229.6342610769393
2176.8922940999587,2337.1076364279043
3021.3289930181045,2337.1076364279047
2242.7396340646037,1935.9688872480747
2242.739634064604,2127.1031169819457
2452.475096760913,2127.1031169819453
2310.5787455983605,2567.845470509921
2310.5787455983627,2029.2869325074403
2380.4698764498266,1680.982212115022
2452.4750967609184,2337.1076364279047
1932.276526016759,2508.1086287739104
2762.945193261947,2392.771664451113
1664.790917449779,2337.1076364279043
2176.8922940999623,2755.7290394154306
1990.7246493617529,1680.9822121150219
2526.658354191202,2691.621385202804
2242.739634064607,2567.8454705099216
2452.475096760914,2567.8454705099216
2681.8245011044355,2029.2869325074407
2526.658354191208,2392.7716644511147
2526.658354191206,2392.7716644511156
2452.475096760913,2337.1076364279043
2242.7396340646,1935.9688872480754
2452.475096760918,2449.7614696732303
2380.4698764498303,2177.7653653381713
2846.519650269984,2508.1086287739085
2603.0855307097045,2821.3635767741116
2603.0855307097017,3326.724630941163
2050.940730385967,2629.0050936277535
1820.4780458442335,2888.5613637965544
2681.8245011044355,2888.5613637965544
2380.469876449827,2888.561363796556
2176.89229409996,2282.738543505192
2310.5787455983605,2449.7614696732294
2846.5196502699796,2508.1086287739085
2452.4750967609116,2029.286932507437
2242.7396340646,2755.7290394154275
2603.0855307096995,2888.561363796559
2603.0855307097017,2629.005093627754
2310.578745598364,2177.76536533817
2452.4750967609143,2629.005093627754
3206.8736582183687,2449.761469673233
2176.89229409996,2392.7716644511142
2526.658354191207,2508.1086287739095
2846.519650269984,2392.7716644511147
2603.0855307096954,2755.729039415426
1715.1480498666974,2337.1076364279056
2452.475096760913,2177.76536533817
2846.519650269988,2337.107636427903
2452.4750967609116,2821.3635767741107
2310.57874559836,2337.1076364279043
2112.9782468432963,3173.743091119185
2310.578745598362,2337.1076364279056
2762.945193261948,2282.7385435051906
2603.085530709697,2888.5613637965553
2846.5196502699837,2691.621385202803
2681.824501104445,2888.561363796559
3021.3289930181068,2449.761469673228
2526.658354191209,2029.286932507441
2310.57874559836,2029.2869325074391
3403.81291926167,1982.0787987952165
1820.4780458442353,1762.009327366505
2762.945193261941,2449.761469673229
2176.89229409996,2957.3596331594863
2603.0855307097054,2177.7653653381703
2176.8922940999637,2508.1086287739085
2681.8245011044437,2957.359633159491
2681.824501104445,2127.1031169819457
3506.7725498681725,2127.1031169819466
2681.8245011044423,2127.1031169819457
2526.6583541912073,2282.738543505191
2846.519650269984,2691.6213852028077
2176.8922940999614,2888.5613637965575
2603.0855307097054,2282.7385435051942
2112.9782468432927,2392.7716644511142
2452.4750967609143,2508.108628773909
2526.6583541912055,2029.2869325074398
3206.873658218381,2821.3635767741107
3206.87365821837,2755.72903941543
2603.0855307097045,2755.7290394154293
2310.5787455983627,1935.9688872480763
2112.9782468432913,2957.3596331594863
2681.8245011044423,2392.771664451114
2932.62209439888,3173.743091119185
3021.3289930180986,2029.2869325074385
2932.6220943988806,2508.1086287739063
2762.945193261943,2392.7716644511124
2176.892294099963,2077.619445275606
3021.3289930181018,2337.1076364279043
1434.3334204533235,3173.7430911191855
2050.940730385969,2282.738543505191
2762.945193261942,2755.7290394154243
2242.739634064599,2957.3596331594877
2762.9451932619504,2449.7614696732294
2681.8245011044437,2691.621385202803
2310.5787455983627,2691.6213852028054
1664.7909174497788,2567.8454705099207
2526.6583541912073,2029.2869325074391
2310.5787455983623,2567.8454705099216
1820.4780458442335,2177.7653653381717
2310.5787455983614,2755.729039415427
2526.658354191209,2177.76536533817
2452.4750967609143,2629.005093627751
2762.945193261946,2229.6342610769393
2846.519650269986,2449.7614696732307
2932.6220943988747,2077.6194452756035
3403.8129192616693,2691.6213852028054
2380.4698764498253,3027.796504328378
2380.469876449826,2888.561363796559
2932.622094398876,2229.634261076939
2762.9451932619513,2449.7614696732303
2452.4750967609116,3487.080224318952
2176.8922940999587,2392.771664451113
2242.7396340645982,2392.7716644511124
3722.1290834341457,2508.1086287739063
2380.4698764498303,2567.8454705099216
2762.945193261939,2077.619445275602
2526.6583541912055,2282.738543505191
3303.876206561568,2888.561363796556
2380.4698764498257,2029.2869325074405
2452.4750967609166,1890.9316494736331
2762.9451932619518,2567.8454705099216
2681.824501104438,1982.0787987952183
2932.6220943988756,3249.333672232745
2112.97824684329,2282.7385435051915
2242.739634064601,2449.761469673229
1615.912281764065,2755.7290394154297
2176.892294099959,2957.359633159488
2050.9407303859666,2755.7290394154297
1664.7909174497804,2392.771664451113
2176.8922940999664,2449.7614696732285
2380.4698764498276,2337.1076364279043
3112.7191265067886,2337.107636427905
2380.469876449824,3099.911004678523
2452.475096760911,2392.771664451112
2762.945193261945,2567.845470509921
2603.0855307097027,2821.3635767741102
3612.8465365765,2077.619445275604
3021.328993018104,2229.634261076939
2176.8922940999637,2392.7716644511124
4070.213387859014,2508.1086287739085
2526.6583541912087,2392.7716644511165
2603.085530709703,2567.845470509921
2452.4750967609143,2755.7290394154293
2380.4698764498276,2629.0050936277516
3021.3289930180986,1982.0787987952162
2310.5787455983627,2177.7653653381717
2112.9782468432945,2691.62138520281
2242.739634064601,2691.6213852028077
1990.7246493617522,2888.561363796556
2176.892294099959,2177.76536533817
2846.519650269988,2177.76536533817
2846.5196502699887,2957.359633159489
2932.6220943988806,3099.911004678525
2380.4698764498303,2821.3635767741134
2310.5787455983595,2392.771664451113
1932.2765260167587,1935.9688872480756
2242.7396340646055,1846.942131422223
2603.085530709699,2888.5613637965553
2846.5196502699873,3099.911004678523
2526.6583541912,2755.729039415426
2310.57874559836,2691.6213852028072
2762.9451932619427,1935.9688872480763
2310.578745598356,2449.7614696732307
2603.085530709705,2229.634261076938
1820.478045844236,1982.078798795217
2176.8922940999614,2567.8454705099216
3021.328993018109,3173.743091119186
2310.5787455983605,2755.729039415429
2603.0855307097045,2888.561363796556
3403.812919261673,2282.7385435051915
3722.129083434156,2229.634261076937
2310.578745598358,2821.3635767741093
1875.5444527159782,2821.3635767741116
2932.6220943988737,2077.6194452756044
2681.82450110444,3099.911004678522
2242.739634064603,2282.7385435051915
1990.7246493617515,2392.7716644511115
2603.085530709697,1982.0787987952167
2380.469876449825,2567.8454705099225
2112.978246843293,1803.9759595604735
2050.94073038597,2629.005093627752
2846.5196502699805,2029.2869325074385
2846.5196502699823,2337.1076364279056
2310.578745598361,2629.0050936277535
2846.519650269978,2029.286932507441
2380.4698764498303,2629.005093627752
2452.4750967609125,2392.7716644511147
2526.658354191203,2392.7716644511133
1767.0284010606276,2127.1031169819466
3612.846536576504,2127.1031169819476
1990.7246493617497,2508.108628773909
2452.475096760913,2029.2869325074407
2242.7396340646005,2508.108628773908
2526.6583541911987,1890.9316494736318
1990.7246493617515,2229.6342610769407
3612.8465365765014,2127.103116981947
2112.978246843296,2127.1031169819457
2452.4750967609143,1762.0093273665045
2176.8922940999596,2229.634261076939
2681.8245011044432,2755.729039415426
1875.5444527159746,2567.845470509921
2176.8922940999614,2821.3635767741116
3303.8762065615615,2755.729039415428
3206.8736582183737,2508.1086287739063
2603.0855307096995,2691.6213852028072
2310.578745598364,2629.005093627755
2310.578745598359,2755.729039415427
3112.7191265067836,2177.7653653381703
3403.812919261673,2282.738543505192
1664.7909174497781,2449.761469673228
2452.475096760914,2567.845470509924
3112.719126506791,2691.621385202805
2050.940730385966,2177.76536533817
2603.085530709702,2629.0050936277535
2932.622094398881,2127.1031169819466
1351.3451450650678,2508.108628773912
2380.469876449824,2449.7614696732307
1875.5444527159768,2077.619445275603
2526.6583541912055,2755.729039415425
2242.7396340646046,1846.9421314222245
2176.8922940999614,2567.8454705099234
2932.622094398876,2888.561363796559
2526.658354191208,3099.911004678523
3021.328993018105,2337.107636427906
2603.0855307096995,2029.2869325074391
3021.3289930180977,2282.7385435051915
2681.8245011044455,2449.7614696732285
2762.9451932619463,2337.1076364279056
2526.658354191203,2755.72903941543
1990.7246493617533,1803.975959560473
2242.7396340646005,2567.8454705099207
2452.475096760915,2177.76536533817
1932.276526016759,2691.6213852028095
2526.658354191206,2567.845470509921
2176.892294099965,2337.107636427904
2242.739634064603,2449.7614696732294
2932.62209439888,1935.968887248076
2526.6583541912037,2629.0050936277535
2681.824501104448,3405.9588477122998
1990.7246493617552,2508.1086287739104
2242.739634064605,2127.1031169819453
2176.8922940999637,2957.3596331594863
2603.0855307096954,1935.9688872480763
2846.5196502699805,2755.729039415428
2681.824501104445,3027.796504328378
1990.7246493617538,1890.931649473632
3506.772549868166,2282.7385435051906
2526.6583541911987,1982.0787987952158
2176.892294099961,1935.9688872480763
2681.8245011044355,2392.7716644511133
2762.9451932619518,2029.2869325074382
2762.9451932619486,2177.7653653381713
2310.5787455983586,2508.1086287739085
3112.719126506788,2888.5613637965566
2112.9782468432927,2629.0050936277535
2681.8245011044414,2282.738543505192
2846.5196502699837,2229.6342610769393
2242.7396340645982,2629.005093627751
3021.3289930180968,2821.3635767741102
2310.5787455983623,2177.765365338171
2526.658354191207,2229.63426107694
3303.876206561562,2449.7614696732294
2380.469876449822,2392.7716644511115
2452.475096760914,2282.7385435051915
1990.724649361754,2508.1086287739104
2380.4698764498235,2691.621385202805
2176.892294099963,3249.3336722327426
2526.6583541912055,2508.1086287739085
2452.4750967609166,2392.771664451113
3021.3289930180995,2449.7614696732303
2380.4698764498294,2029.2869325074396
2380.469876449829,2821.3635767741107
2526.6583541912005,2077.619445275605
2452.475096760914,2629.005093627752
2050.940730385967,2755.7290394154306
2112.9782468432954,2691.621385202805
2932.622094398882,2077.619445275605
1990.724649361751,2957.359633159488
3021.3289930181018,1803.9759595604737
2681.824501104435,2755.729039415426
2526.6583541912028,2282.7385435051897
1875.5444527159782,2392.7716644511147
3021.328993018103,2957.359633159487
2112.978246843293,2449.761469673229
2380.469876449826,2508.1086287739076
2681.824501104443,2449.7614696732307
2112.9782468432936,2629.0050936277544
1990.7246493617527,2077.619445275603
2681.8245011044346,2392.7716644511133
2932.6220943988783,2691.621385202805
2380.469876449829,2177.765365338171
2242.7396340646073,2821.3635767741102
2762.9451932619486,2127.1031169819457
1875.5444527159777,2337.107636427905
2176.8922940999623,2229.6342610769384
3021.328993018106,2229.6342610769366
2176.8922940999623,2755.7290394154265
2380.4698764498307,2691.6213852028077
2932.622094398881,2229.6342610769393
3206.873658218369,2888.5613637965525
2452.475096760914,2392.7716644511156
2242.7396340645996,2127.103116981947
2112.978246843292,2691.621385202804
2681.8245011044346,2567.8454705099207
2310.5787455983595,2755.7290394154293
2681.824501104445,2567.845470509924
2310.5787455983577,2567.845470509921
2762.9451932619418,2229.6342610769384
2681.8245011044464,2821.363576774111
3612.8465365765114,2629.0050936277544
2846.5196502699832,3405.9588477122975
2681.8245011044432,2229.6342610769398
2310.5787455983623,2567.845470509919
2452.4750967609148,2392.7716644511147
2380.469876449824,1890.9316494736304
2310.5787455983605,2821.3635767741116
2452.475096760913,2629.005093627754
2380.4698764498303,2629.0050936277526
2932.6220943988756,2029.2869325074391
2452.475096760913,2127.103116981947
3612.8465365765146,2629.0050936277535
2762.9451932619477,2392.771664451114
1990.7246493617524,2508.1086287739104
1875.5444527159773,2229.634261076939
2452.47509676091,2282.7385435051915
2681.8245011044455,3326.724630941165
2452.475096760912,2629.005093627751
3021.328993018102,2888.5613637965575
3303.876206561565,2282.7385435051924
3303.876206561565,1935.968887248074
2380.469876449824,3173.743091119184
2176.892294099964,2567.8454705099184
2932.6220943988765,2337.1076364279047
2932.622094398875,2337.107636427904
2681.824501104435,2508.108628773909
2603.0855307096995,2755.729039415432
2380.469876449827,2755.7290394154265
2681.824501104441,2821.363576774109
2452.4750967609166,2077.6194452756044
2762.9451932619454,2127.1031169819466
2310.5787455983605,2567.8454705099207
3021.3289930181068,3099.911004678523
2846.5196502699905,2567.84547050992
2310.5787455983605,2888.561363796559
2932.6220943988774,2077.6194452756026
1990.7246493617536,2077.619445275603
2846.519650269981,2567.845470509924
2932.622094398878,2508.108628773908
2242.7396340646023,2691.621385202806
1615.9122817640632,2177.7653653381703
2380.469876449829,3099.9110046785213
3206.8736582183697,2508.1086287739095
2526.658354191206,2229.634261076939
2603.0855307096995,2755.7290394154265
2932.622094398882,3099.911004678522
2310.5787455983614,2077.619445275604
2603.0855307097,2127.103116981947
3112.7191265067936,2508.108628773908
2762.945193261949,1890.9316494736315
2526.658354191206,3405.958847712298
3206.87365821837,3099.911004678524
1875.5444527159777,3027.7965043283743
2603.085530709694,2508.108628773906
2526.6583541912,2229.6342610769398
2526.658354191206,2177.765365338171
3021.328993018109,2629.005093627754
2762.94519326195,2127.103116981947
2603.085530709694,1846.9421314222216
2380.469876449825,2282.738543505191
2762.9451932619477,2392.771664451114
3021.3289930181036,2337.1076364279024
2452.4750967609207,2392.7716644511133
1990.7246493617536,3742.2221653465604
2603.085530709698,2127.1031169819457
2681.8245011044423,2337.1076364279047
1767.028401060627,2449.7614696732285
3206.87365821837,2029.286932507441
3112.7191265067972,1935.9688872480754
2846.5196502699796,2177.7653653381703
2681.8245011044423,2755.7290394154297
2112.9782468432923,2449.7614696732294
2452.4750967609148,1846.9421314222236
2242.739634064602,2177.7653653381703
2310.5787455983605,2691.621385202806
2112.9782468433,2508.1086287739054
2762.9451932619504,2077.6194452756035
3403.812919261672,2177.7653653381703
2681.824501104445,2567.8454705099207
1875.5444527159766,2821.363576774109
2846.519650269987,2282.7385435051924
2452.475096760912,2392.771664451114
2846.5196502699896,2127.103116981946
2846.51965026999,2508.1086287739076
2526.6583541912037,2229.6342610769384
1990.7246493617524,2282.7385435051915
2242.7396340645987,1982.078798795217
2310.578745598361,2229.6342610769398
3403.8129192616725,2755.729039415429
1990.7246493617538,2449.7614696732303
1715.1480498666988,2282.738543505193
2310.5787455983595,2508.108628773908
2762.945193261948,2229.6342610769384
2242.739634064601,2077.6194452756026
2603.085530709695,2449.7614696732317
1875.5444527159796,2508.1086287739063
2242.7396340646,2449.7614696732285
1875.5444527159782,2337.107636427903
2176.8922940999614,2449.761469673229
2846.5196502699846,2449.7614696732307
2452.475096760914,2821.363576774113
2242.739634064602,2449.7614696732294
2310.5787455983623,2629.005093627751
2526.658354191209,2508.1086287739085
3206.87365821837,2392.771664451112
2452.475096760911,2127.1031169819453
2176.8922940999573,3326.724630941164
2176.8922940999614,2282.738543505193
3021.328993018113,2449.7614696732294
2050.9407303859666,2691.6213852028054
2846.519650269987,2449.7614696732303
3112.719126506794,2337.1076364279056
2762.9451932619518,2029.2869325074378
2380.4698764498285,2392.771664451114
2681.8245011044464,2629.005093627754
2380.469876449826,2337.107636427904
2176.8922940999587,2888.561363796554
1932.2765260167573,2337.107636427908
2526.6583541912055,2567.8454705099207
2310.57874559836,2392.771664451113
2310.5787455983627,2127.103116981945
2452.475096760917,2691.621385202808
1875.5444527159787,2392.7716644511133
2242.7396340646037,2629.005093627754
3021.3289930181136,2567.8454705099216
2176.8922940999614,2567.8454705099202
3403.8129192616743,2449.761469673229
2681.8245011044355,2337.107636427903
2762.9451932619477,2392.771664451112
2310.578745598359,2691.621385202807
2176.892294099961,1935.9688872480767
3112.7191265067886,2629.0050936277535
1932.276526016759,1803.9759595604717
3021.3289930181045,2567.845470509919
2310.578745598362,2629.0050936277535
2310.5787455983614,2691.621385202806
2526.6583541912073,2449.7614696732285
2242.7396340646033,1890.931649473632
2112.978246843294,2282.738543505192
2310.578745598358,3173.7430911191855
2050.940730385965,2282.7385435051915
2242.7396340646014,2567.8454705099207
2762.9451932619477,2691.621385202807
2310.578745598364,2508.1086287739085
2176.8922940999596,2567.8454705099234
2932.6220943988783,2449.76146967323
1932.2765260167598,2029.2869325074382
2380.4698764498303,2508.108628773909
2526.6583541912087,2392.771664451113
3403.8129192616684,2337.107636427908
2380.469876449823,2755.7290394154297
1875.5444527159773,2821.3635767741102
1875.5444527159782,3027.7965043283752
2526.658354191208,2821.3635767741116
3021.3289930181063,2337.1076364279043
2762.945193261949,2392.7716644511124
2681.824501104443,2392.771664451111
2112.978246843295,2508.1086287739085
2452.4750967609125,2508.1086287739067
2603.085530709698,2449.7614696732307
3206.873658218374,2177.7653653381717
2681.824501104445,2508.1086287739054
2762.94519326195,2177.7653653381703
2380.4698764498266,2177.7653653381713
1820.4780458442358,2755.729039415429
2112.978246843293,2567.84547050992
1767.0284010606276,2177.765365338171
2526.658354191203,2392.7716644511115
2112.9782468432923,2755.729039415425
3206.8736582183683,2337.1076364279065
2452.475096760915,2229.634261076938
2176.892294099962,2282.7385435051915
2380.4698764498253,2957.359633159486
2112.9782468432904,2629.0050936277544
2603.0855307097045,2691.62138520281
2310.5787455983627,2691.6213852028077
2112.978246843292,2127.1031169819453
2452.4750967609157,1803.975959560472
2176.8922940999596,2691.6213852028077
2176.8922940999605,2177.7653653381713
2762.945193261939,1982.0787987952158
1715.148049866699,2392.7716644511142
2932.622094398884,2282.738543505192
2526.6583541912037,2508.1086287739063
2380.4698764498266,2392.7716644511142
1715.1480498666992,2508.108628773909
2380.4698764498294,2508.108628773911
1990.7246493617533,2821.3635767741143
2526.6583541912087,2282.7385435051915
2762.9451932619427,2282.738543505192
2310.5787455983623,3173.743091119184
2242.7396340646037,2508.1086287739085
2526.658354191206,1935.9688872480751
2380.469876449824,2691.621385202807
2380.4698764498294,2127.103116981948
2452.475096760915,1982.078798795218
2681.8245011044414,2508.1086287739067
1932.2765260167591,2508.1086287739054
2603.0855307097004,2077.6194452756035
2452.475096760918,2449.7614696732303
2380.4698764498253,2629.0050936277544
1715.148049866699,2567.845470509921
2681.824501104443,2449.7614696732303
2176.892294099959,2821.3635767741093
2380.469876449828,2888.5613637965553
2526.658354191208,2177.765365338171
1990.7246493617536,2127.1031169819476
2932.6220943988806,2229.6342610769398
3021.328993018107,2755.729039415428
3021.328993018106,2888.5613637965553
2762.945193261945,3173.743091119187
2112.9782468432963,2755.729039415425
2310.5787455983605,2392.7716644511133
2762.945193261939,2449.7614696732307
3021.3289930181068,2629.005093627752
2526.6583541912055,2282.738543505191
2526.6583541912,2629.0050936277516
1932.2765260167582,2282.7385435051924
2310.5787455983573,2127.103116981947
2112.9782468432945,2077.619445275604
2310.5787455983605,2629.005093627752
2932.622094398876,2957.3596331594854
2762.945193261951,1982.0787987952172
1522.4181390981864,2508.1086287739085
1990.724649361751,2282.73854350519
1820.4780458442342,2077.619445275604
1932.27652601676,2629.0050936277507
2176.89229409996,2449.7614696732303
3206.8736582183687,2282.7385435051915
2603.0855307096977,2508.108628773908
2846.519650269989,2821.363576774109
3021.3289930181018,2337.1076364279043
3021.3289930181018,2821.363576774112
2112.9782468432945,2821.3635767741107
3206.87365821837,2567.845470509924
2380.4698764498294,2392.7716644511142
2526.658354191209,2177.76536533817
2380.4698764498235,3742.222165346563
2380.4698764498303,2449.7614696732285
2242.7396340646014,2229.6342610769407
2681.824501104443,2282.7385435051924
2681.8245011044432,2127.103116981946
2681.82450110444,2755.7290394154275
2050.9407303859675,2629.0050936277507
2526.658354191204,2629.005093627752
2242.739634064602,2127.1031169819466
2452.4750967609093,1935.9688872480767
2310.578745598359,1982.0787987952176
2310.5787455983586,2755.7290394154275
2242.739634064604,2282.738543505193
2176.8922940999632,2177.76536533817
2050.9407303859675,2029.2869325074382
3303.876206561566,2888.5613637965575
2176.892294099961,2755.7290394154297
2380.4698764498253,2449.7614696732307
2932.622094398881,2821.363576774111
2762.9451932619418,2629.0050936277535
2526.6583541912028,2282.7385435051933
2242.7396340646,3027.7965043283775
3834.717244002977,2177.7653653381703
2452.4750967609148,2177.7653653381713
2603.0855307097036,2392.7716644511133
2846.5196502699805,2567.845470509921
2932.622094398886,2337.1076364279056
2242.7396340645996,2392.771664451113
2846.519650269988,2691.6213852028045
2452.47509676091,2888.561363796558
2681.824501104444,2755.729039415427
2112.9782468432936,2127.1031169819453
2380.469876449829,2755.7290394154293
2932.62209439888,2337.107636427904
1932.276526016759,2629.0050936277526
1990.724649361751,2755.7290394154243
3112.719126506789,2337.107636427905
2310.5787455983586,2127.1031169819466
1615.9122817640628,2567.8454705099216
3206.87365821837,2508.1086287739067
3021.3289930181086,2567.845470509923
1932.2765260167596,2508.1086287739076
2603.085530709703,3173.743091119185
3303.8762065615633,3027.7965043283775
3303.876206561565,2077.6194452756026
2762.9451932619445,2127.103116981948
2176.892294099965,2282.7385435051906
2380.469876449827,2449.7614696732307
2452.475096760917,2229.6342610769384
2603.085530709699,2821.3635767741093
3112.719126506791,2888.5613637965535
2380.469876449822,2229.634261076939
2452.4750967609198,2957.35963315949
2932.622094398882,1890.9316494736318
2242.7396340646,2755.7290394154293
3206.873658218372,2282.7385435051924
2681.824501104444,2282.738543505192
2380.469876449824,2077.6194452756026
3506.7725498681752,2337.1076364279047
2452.4750967609093,1846.9421314222232
1820.4780458442342,2508.108628773908
1767.028401060627,2567.8454705099207
3403.81291926167,2508.1086287739104
1875.5444527159755,3027.796504328378
2176.8922940999573,1846.9421314222247
2846.5196502699887,2957.3596331594854
3021.328993018102,2508.1086287739067
2846.5196502699837,2077.6194452756044
2526.658354191199,2392.771664451113
1875.5444527159793,2629.005093627752
2526.6583541912087,2337.1076364279047
2762.9451932619463,3249.3336722327435
2112.9782468432936,2337.1076364279024
2050.940730385971,2282.7385435051915
3112.7191265067913,3099.911004678522
2603.0855307097054,2691.6213852028045
2310.578745598358,2629.0050936277544
2310.5787455983595,1846.9421314222225
2932.622094398881,3027.7965043283766
2242.739634064603,2567.8454705099225
2846.5196502699887,2957.359633159487
2681.8245011044396,2229.6342610769398
3021.328993018102,2629.005093627752
3021.328993018103,2821.3635767741093
2762.945193261949,2337.1076364279043
2932.6220943988706,2449.761469673229
1875.5444527159782,2127.103116981947
3021.3289930181068,2449.7614696732285
2762.9451932619536,2567.8454705099207
2603.0855307096963,2282.7385435051906
1990.724649361754,3099.9110046785195
2762.9451932619454,2282.738543505192
1767.0284010606256,2821.363576774113
2112.978246843296,2508.1086287739095
2176.892294099964,2449.7614696732294
2050.940730385969,1982.0787987952158
2452.475096760914,2755.729039415425
2452.4750967609184,3249.3336722327463
2050.9407303859675,2821.363576774108
2452.4750967609098,2449.7614696732317
3112.7191265067872,2755.7290394154275
2242.739634064604,2177.7653653381713
2242.7396340646055,2077.619445275603
2762.9451932619504,2755.7290394154293
3722.1290834341553,2177.7653653381713
2526.658354191208,2508.1086287739095
2242.739634064602,2691.621385202806
2242.739634064605,2177.7653653381703
2380.469876449826,2077.6194452756044
2112.9782468432963,2337.1076364279047
2176.892294099962,1846.9421314222222
2380.469876449826,2229.6342610769398
2526.6583541912014,2508.1086287739095
1932.2765260167578,2337.107636427908
3021.3289930181104,2229.634261076937
2603.085530709693,2821.3635767741102
2452.4750967609157,2127.103116981947
3206.873658218369,2508.108628773908
2242.7396340646,2127.1031169819476
2380.4698764498253,2567.8454705099202
1990.7246493617527,2337.1076364279047
2932.6220943988724,2449.7614696732303
2762.9451932619504,2629.005093627754
2050.9407303859643,2127.1031169819457
2681.824501104444,2177.7653653381726
2380.46987644983,2755.729039415429
2762.945193261951,2229.634261076939
2603.085530709706,2229.6342610769398
2112.9782468432927,2821.363576774112
2452.4750967609166,2821.3635767741116
2526.6583541912005,2392.771664451114
2846.5196502699887,2567.8454705099216
2242.7396340646023,2449.7614696732294
3403.812919261677,2508.1086287739085
2681.824501104445,2282.7385435051933
2112.978246843292,2508.1086287739095
2380.469876449825,2337.1076364279043
3403.812919261671,2567.8454705099216
2112.9782468432936,2957.359633159486
1875.544452715976,1982.0787987952172
1932.276526016761,2629.005093627752
2603.0855307097036,2337.107636427906
2932.622094398875,2229.6342610769384
2176.8922940999605,2177.76536533817
2242.739634064604,2392.7716644511133
2050.940730385968,2392.7716644511147
2526.6583541912087,2229.6342610769384
2762.945193261942,2229.6342610769393
2242.7396340646,2177.7653653381713
2603.0855307097,2888.561363796557
3206.873658218369,2629.005093627751
2603.085530709697,2077.6194452756035
2112.978246843293,2449.7614696732335
1932.2765260167587,2888.5613637965553
2603.0855307097017,2691.6213852028077
3021.3289930181018,2392.7716644511133
2681.824501104438,2282.738543505194
1990.7246493617515,2449.7614696732317
1990.724649361751,2177.765365338171
2846.5196502699846,2567.8454705099207
2452.475096760914,2177.765365338171
2380.4698764498266,2888.561363796556
1932.2765260167612,2029.286932507439
3021.3289930181036,2337.107636427906
2603.0855307096967,2755.7290394154247
2681.8245011044346,2567.8454705099225
2380.4698764498253,2755.7290394154275
2526.6583541912028,2629.0050936277516
2050.9407303859653,2392.7716644511133
2310.5787455983573,2957.3596331594913
3112.7191265067936,2392.771664451113
2603.0855307097,2957.359633159488
1664.7909174497797,2229.634261076937
2526.6583541912055,2077.6194452756035
2112.9782468432913,2449.7614696732303
2932.6220943988756,2229.63426107694
2380.469876449826,2029.286932507439
2846.5196502699864,2821.3635767741107
2176.892294099964,2127.1031169819457
3206.8736582183756,2077.6194452756044
2380.469876449827,2755.7290394154315
2242.7396340646046,2029.2869325074391
2176.8922940999646,2337.1076364279024
2846.5196502699805,2337.107636427906
2380.4698764498276,2449.761469673229
2526.6583541912037,2229.6342610769398
2310.5787455983586,1982.0787987952172
2452.47509676091,2449.7614696732294
1715.1480498666974,2629.005093627752
2762.945193261948,2755.729039415428
2380.4698764498226,2337.1076364279043
3021.3289930181018,2629.0050936277516
2846.519650269987,2629.005093627751
2603.0855307097,3173.7430911191836
2380.4698764498235,2508.1086287739067
2452.475096760915,2629.005093627752
2176.892294099961,3099.911004678523
2846.5196502699805,2282.738543505191
3612.846536576501,2888.561363796558
3021.3289930181018,2755.7290394154275
3206.873658218373,2567.8454705099225
2112.978246843293,1982.0787987952153
2846.519650269985,2508.1086287739076
2050.94073038597,2957.3596331594904
2846.5196502699887,2282.738543505192
2846.5196502699905,2177.765365338171
2846.519650269986,2449.761469673232
2176.8922940999614,1982.0787987952167
2050.940730385966,3173.743091119183
2681.824501104435,2177.7653653381685
1615.9122817640628,2821.3635767741107
2762.9451932619418,2177.7653653381676
2176.8922940999637,2629.005093627751
2681.824501104444,2392.7716644511115
2681.8245011044464,1803.9759595604723
3403.8129192616716,2229.634261076939
2762.9451932619454,2282.738543505192
3112.719126506789,2127.1031169819476
2762.945193261949,2629.005093627752
2932.6220943988787,2077.619445275603
2603.085530709701,2449.7614696732307
2176.892294099965,2029.2869325074378
3021.3289930181086,2567.8454705099225
2681.824501104435,2821.3635767741102
2176.892294099961,1890.9316494736318
2380.4698764498294,2821.3635767741116
2050.9407303859666,2392.7716644511106
1932.2765260167598,1762.0093273665045
2762.9451932619527,2337.1076364279056
3303.876206561569,2449.7614696732303
2526.6583541912073,2282.7385435051915
2452.475096760914,2691.6213852028095
2526.658354191208,1982.0787987952153
1820.4780458442322,2337.107636427905
2762.9451932619486,2449.7614696732294
2310.578745598357,2508.108628773909
3112.71912650679,2821.3635767741102
2176.8922940999605,2449.7614696732294
2526.658354191209,2691.621385202803
2603.0855307096963,2567.8454705099202
2310.5787455983577,2629.00509362775
1875.5444527159789,2957.3596331594886
3112.71912650679,2508.1086287739063
2762.9451932619486,3249.333672232749
2452.475096760917,2337.107636427903
2452.475096760917,2127.103116981944
2762.9451932619504,2392.771664451115
2112.978246843296,2567.845470509923
1932.276526016759,2229.634261076938
3206.873658218375,2449.7614696732294
2526.6583541912055,2449.7614696732303
2762.9451932619395,2177.7653653381713
1932.276526016759,2691.621385202805
2681.824501104444,3326.724630941161
2452.4750967609093,2629.005093627754
3834.717244002973,2821.3635767741116
2310.5787455983623,2691.621385202806
2380.4698764498276,2508.108628773909
1767.0284010606256,2392.7716644511156
2932.6220943988756,3027.796504328376
2310.5787455983595,2629.0050936277526
3021.3289930181018,2449.761469673229
2846.519650269992,1982.0787987952178
1990.7246493617522,2567.845470509923
2762.9451932619436,1803.975959560473
2681.824501104446,3027.796504328377
2112.978246843292,2755.729039415426
2932.622094398881,2508.1086287739076
1932.2765260167585,2755.729039415427
2681.824501104445,2691.6213852028077
2310.5787455983573,2449.7614696732303
2452.475096760912,2229.6342610769384
2681.8245011044346,3099.911004678523
2681.8245011044432,2282.738543505191
2846.5196502699782,2755.7290394154247
1932.2765260167575,2567.845470509919
2310.5787455983627,2629.0050936277516
2242.7396340645987,2282.7385435051906
2310.57874559836,2337.1076364279047
2310.5787455983623,2508.108628773908
2310.578745598361,2567.8454705099234
1820.4780458442353,2567.8454705099243
2681.8245011044355,2127.103116981946
2932.6220943988756,2229.6342610769398
2310.578745598358,2282.738543505191
2380.469876449826,2337.107636427905
2112.978246843292,2127.103116981944
2603.0855307097017,2821.3635767741102
1875.5444527159784,2629.0050936277535
2603.0855307097027,1982.0787987952165
2112.978246843294,2508.1086287739067
1990.7246493617527,2567.8454705099257
1932.2765260167578,2691.621385202805
2526.65835419121,2508.108628773909
2932.6220943988756,1846.9421314222243
2380.4698764498266,2449.7614696732285
2176.8922940999573,2229.6342610769393
2176.8922940999573,2177.7653653381703
1820.4780458442353,2821.3635767741107
2603.085530709701,2127.103116981946
2932.6220943988783,2127.1031169819466
2603.0855307096967,2449.7614696732285
2681.824501104445,2957.359633159486
1767.0284010606263,1935.968887248077
2176.8922940999605,2127.103116981945
2310.578745598362,2029.286932507439
2526.6583541912,2029.2869325074385
3206.8736582183715,2691.621385202807
3206.87365821837,2691.621385202803
2603.0855307096977,2449.7614696732307
1932.2765260167564,2691.6213852028054
2932.6220943988774,2077.6194452756044
2380.469876449822,2127.1031169819466
2176.89229409996,2691.6213852028045
1875.5444527159782,2177.7653653381717
3021.328993018103,2282.7385435051915
2932.6220943988737,2449.761469673229
2452.47509676091,2449.761469673229
1767.0284010606263,2449.7614696732307
2242.7396340646014,2691.621385202806
1767.0284010606263,2755.729039415429
2242.7396340645987,2392.7716644511133
2681.8245011044423,2957.35963315949
2846.51965026999,2449.7614696732294
2176.8922940999614,2177.7653653381703
3021.3289930181145,2449.7614696732307
2681.824501104438,2392.7716644511147
2452.475096760917,2077.619445275604
2846.51965026999,2888.5613637965575
2846.5196502699887,1935.9688872480763
2603.0855307096936,2755.729039415427
2310.5787455983577,2177.7653653381713
2932.622094398879,2229.634261076937
2452.475096760917,2392.7716644511133
2242.7396340646014,2691.6213852028054
2310.5787455983595,2508.108628773908
3112.719126506792,2449.7614696732303
2846.519650269979,2177.7653653381717
2526.6583541912,2229.6342610769398
3206.873658218369,2691.621385202804
1615.9122817640637,2029.2869325074398
2380.4698764498285,2029.286932507439
2603.0855307097054,2691.6213852028054
2310.5787455983614,2127.1031169819457
2112.978246843293,2282.7385435051933
2526.6583541912064,2077.6194452756035
2242.739634064601,2888.5613637965553
2176.892294099961,2691.621385202807
2762.9451932619463,2755.729039415426
2112.9782468432954,2567.845470509924
2526.6583541911987,2282.738543505192
2846.5196502699837,2337.1076364279056
2112.9782468432963,2229.634261076939
1820.4780458442344,2567.8454705099202
1932.2765260167575,2177.7653653381717
2050.940730385966,2337.107636427905
3834.717244002977,2508.108628773908
2310.57874559836,2567.8454705099216
1990.724649361752,2392.7716644511142
2176.8922940999614,3027.7965043283725
3834.7172440029717,1982.0787987952156
3021.3289930181086,2821.3635767741102
2762.9451932619418,2567.845470509924
1932.2765260167582,2449.7614696732307
2846.5196502699896,2691.6213852028054
2681.824501104443,2392.7716644511142
3303.8762065615647,2629.0050936277516
2112.978246843293,2127.1031169819476
2526.658354191204,2821.363576774113
2762.94519326195,2957.359633159491
2176.892294099964,2282.738543505191
2242.7396340646055,3099.9110046785245
2452.4750967609166,3027.7965043283743
2932.622094398882,2567.84547050992
3506.7725498681666,2229.6342610769407
1932.27652601676,1935.9688872480767
2526.6583541912073,3173.743091119186
1767.0284010606274,2392.771664451114
3303.8762065615683,2629.0050936277544
1767.028401060627,2337.1076364279043
3722.129083434154,2337.1076364279047
2932.6220943988756,2821.363576774109
3303.876206561563,2508.1086287739076
2112.97824684329,2449.7614696732285
2762.9451932619486,2127.1031169819453
2452.475096760915,2508.108628773908
2452.475096760915,2392.771664451115
2242.7396340646055,2567.845470509923
1875.5444527159782,2282.7385435051915
2603.085530709701,2957.3596331594886
2310.578745598359,2127.1031169819444
2681.8245011044414,2229.6342610769384
2846.5196502699832,3099.911004678521
3021.3289930180995,2567.8454705099225
2932.62209439888,2691.621385202807
2380.469876449824,3099.911004678523
2310.578745598358,2077.6194452756054
2603.0855307097017,2392.7716644511106
2176.892294099964,2567.8454705099216
2762.9451932619463,2508.1086287739095
3112.7191265067877,2567.845470509923
2526.658354191208,2077.6194452756017
2452.475096760915,2567.8454705099225
2242.739634064606,2337.107636427906
2846.51965026999,2629.0050936277535
2242.7396340646055,2392.771664451114
3722.1290834341503,2282.7385435051915
2176.8922940999655,3326.7246309411657
2932.6220943988837,2029.286932507439
2762.945193261941,2508.108628773909
2112.978246843293,2755.729039415428
2176.892294099961,2077.619445275603
2526.658354191207,3405.958847712295
2380.4698764498235,2177.76536533817
2176.8922940999637,2957.359633159489
2310.5787455983614,2077.619445275604
3403.8129192616702,2567.845470509923
3112.719126506788,2127.1031169819457
2452.4750967609143,2755.72903941543
2603.085530709703,2282.738543505192
2603.085530709703,2821.3635767741134
2932.622094398876,2755.7290394154243
3506.7725498681666,2629.0050936277535
2603.0855307096995,3027.7965043283775
2526.658354191207,2821.3635767741102
2310.5787455983614,2449.761469673233
2176.8922940999637,2282.7385435051924
2681.824501104435,2282.73854350519
2242.7396340645982,2127.103116981947
2681.8245011044437,2337.107636427904
2762.9451932619486,2177.76536533817
1990.7246493617533,2337.1076364279043
1932.2765260167585,2392.7716644511133
2452.475096760913,2177.7653653381713
3403.8129192616666,2392.7716644511133
2762.9451932619454,2337.1076364279065
2242.739634064605,2229.6342610769393
2310.5787455983623,2029.286932507439
2176.8922940999596,2755.729039415428
2452.475096760914,2337.1076364279033
2846.519650269989,2177.7653653381713
3021.328993018099,2888.561363796559
2932.6220943988815,2755.7290394154306
1932.2765260167598,2821.363576774112
2603.0855307097004,2229.6342610769398
3021.328993018107,1762.009327366505
3303.8762065615633,2229.6342610769366
2380.4698764498294,2337.107636427903
2452.475096760917,2629.0050936277526
2310.5787455983605,2567.8454705099234
1875.5444527159777,2691.621385202805
2762.945193261949,2755.7290394154265
2603.0855307097027,2392.7716644511147
2762.945193261945,1846.942131422221
2380.469876449824,2821.363576774111
2603.0855307096995,2392.7716644511147
2112.978246843294,2567.8454705099225
2846.519650269985,1982.0787987952167
2380.4698764498253,2392.771664451113
2242.739634064599,2888.561363796559
2932.62209439888,2691.6213852028054
3834.7172440029694,2508.1086287739104
2310.578745598361,1982.0787987952162
2603.085530709693,2077.619445275603
3021.3289930181018,2567.8454705099225
2846.519650269984,2337.1076364279043
2310.57874559836,2755.729039415424
1875.5444527159777,2629.00509362775
2603.0855307097045,2567.8454705099202
2050.9407303859657,2567.84547050992
2380.469876449826,2821.3635767741102
2242.7396340646023,1890.9316494736327
2050.9407303859675,2392.7716644511147
2526.6583541911987,2755.7290394154293
3112.7191265067886,2508.1086287739085
1522.4181390981864,3099.911004678521
2112.978246843292,2449.7614696732307
2452.475096760913,2392.771664451114
2603.0855307097017,2449.7614696732294
2380.469876449829,2449.761469673229
2310.5787455983645,2392.7716644511156
2050.9407303859693,2127.1031169819457
3112.7191265067854,2229.634261076938
2932.622094398882,2077.619445275603
2681.824501104444,2629.005093627751
2603.0855307097027,2629.00509362775
3112.719126506794,2337.1076364279047
2681.824501104446,2567.8454705099216
1875.5444527159777,2821.3635767741134
1820.478045844234,2029.2869325074391
2452.4750967609184,3027.7965043283766
2242.739634064603,1890.9316494736315
3506.7725498681652,2888.5613637965575
3206.8736582183697,2957.35963315949
3206.8736582183665,2392.7716644511133
2681.824501104445,2392.771664451113
2112.978246843292,2508.1086287739076
1932.2765260167619,2127.1031169819457
2112.978246843296,2177.7653653381713
2112.978246843296,1846.942131422223
2112.978246843292,1935.9688872480754
2681.824501104444,3405.958847712299
2603.0855307097054,2691.621385202803
2681.824501104445,2449.7614696732317
2603.0855307096936,2508.1086287739085
2681.824501104444,2508.1086287739104
2380.4698764498276,2337.107636427904
2242.739634064601,2755.7290394154297
2380.469876449824,2508.1086287739067
2050.940730385968,2449.76146967323
2242.739634064604,2567.845470509921
2050.9407303859666,2229.6342610769393
1932.2765260167562,2337.1076364279043
2603.0855307096963,2229.6342610769398
1664.7909174497795,2755.729039415428
3206.87365821837,2029.2869325074403
2846.5196502699923,2508.1086287739117
2176.8922940999637,2567.8454705099243
2762.9451932619486,1982.0787987952176
2310.5787455983614,1846.9421314222232
2050.940730385966,2282.7385435051915
1767.0284010606272,3027.796504328375
3021.328993018102,2337.1076364279056
2526.658354191204,2337.1076364279056
2380.4698764498253,2177.7653653381717
2603.085530709697,2449.7614696732317
2762.945193261946,3027.796504328375
2603.0855307096936,2957.359633159489
2112.978246843294,2755.7290394154293
1715.1480498666997,2821.3635767741116
2762.9451932619486,2888.561363796557
2526.6583541912005,2691.6213852028054
2112.9782468432927,2392.7716644511156
2380.4698764498266,2821.3635767741116
2681.824501104448,1935.9688872480756
2526.658354191199,2567.8454705099202
2681.8245011044346,2392.7716644511124
3021.328993018099,2229.634261076941
3021.3289930181018,1803.9759595604742
2603.085530709703,2392.7716644511142
2310.5787455983636,2077.6194452756035
2112.978246843297,2177.7653653381703
2242.7396340646046,2177.765365338171
2846.519650269982,2508.1086287739076
2112.9782468432923,2392.7716644511106
3303.876206561565,2755.729039415426
3112.7191265067913,1803.9759595604721
2526.658354191199,2508.1086287739067
2112.978246843293,2077.6194452756017
1820.4780458442344,2392.771664451113
2112.978246843296,2957.359633159489
2452.4750967609148,2392.7716644511142
2681.8245011044355,2755.7290394154265
2452.475096760917,2449.7614696732303
2452.475096760915,2077.6194452756026
2380.4698764498303,2229.6342610769407
3834.7172440029703,2282.738543505191
2932.6220943988783,2449.7614696732285
1932.2765260167573,2957.35963315949
2176.892294099961,2449.761469673228
2762.9451932619486,2392.7716644511147
3021.3289930181018,2127.1031169819466
2380.469876449828,2392.7716644511142
2380.469876449828,2029.2869325074398
2242.7396340646023,2077.619445275603
2452.4750967609125,2127.1031169819485
3021.3289930181077,2282.738543505191
2380.4698764498235,2888.5613637965566
3112.7191265067886,2029.2869325074396
3303.87620656156,2077.6194452756044
2310.5787455983623,2755.7290394154297
2242.7396340646,2629.0050936277535
2310.578745598356,2449.7614696732307
2846.5196502699805,2888.561363796557
2526.6583541912064,2392.771664451113
2176.892294099963,2229.6342610769393
3206.873658218378,2888.5613637965575
2176.892294099958,2337.1076364279047
2050.940730385968,2567.8454705099207
2526.658354191207,2127.1031169819453
2380.469876449822,2449.761469673233
2176.8922940999596,2567.845470509923
2310.5787455983586,2177.7653653381713
2176.892294099964,2392.7716644511124
1767.0284010606279,2127.1031169819457
2846.5196502699887,2449.7614696732257
2526.658354191206,2282.738543505193
2380.469876449824,2127.103116981948
3206.8736582183737,2337.1076364279065
2310.5787455983586,2229.6342610769384
3206.873658218377,2508.1086287739063
2380.469876449822,2337.107636427905
1715.148049866698,2229.6342610769393
2932.622094398881,2449.761469673231
2932.6220943988737,2029.2869325074396
1990.7246493617538,1721.0189821393164
2050.9407303859666,2392.7716644511133
1820.4780458442333,2029.2869325074391
2380.469876449824,2821.3635767741107
2603.0855307096977,2691.6213852028086
2603.0855307097036,2691.621385202807
2050.9407303859666,2337.1076364279033
1664.7909174497784,1935.9688872480763
2112.978246843294,2229.6342610769393
2932.62209439888,2177.7653653381713
2762.945193261948,2508.1086287739076
2846.519650269986,2821.3635767741084
2380.4698764498257,2629.005093627752
2176.8922940999623,2077.6194452756044
1990.7246493617554,2567.8454705099225
1932.27652601676,2229.6342610769393
1715.148049866698,2077.619445275603
2526.6583541912,1680.9822121150223
2452.4750967609148,2629.00509362775
3403.8129192616693,2282.7385435051915
3403.8129192616693,2229.63426107694
1875.544452715978,2449.7614696732307
2452.4750967609143,2282.738543505193
2526.658354191207,2508.1086287739063
2526.6583541912046,2229.6342610769384
2526.6583541912014,1846.942131422222
2526.6583541912014,1935.9688872480767
2112.9782468432936,2691.6213852028095
3206.8736582183724,2449.7614696732294
3021.3289930181013,2691.6213852028045
2380.4698764498244,2449.7614696732294
2242.7396340646014,2508.1086287739085
2603.085530709703,2392.7716644511147
3722.129083434151,2282.7385435051915
2112.978246843293,3027.796504328377
2762.945193261949,2691.6213852028054
2932.622094398878,2229.6342610769393
2050.9407303859684,2229.6342610769384
3303.8762065615633,1982.0787987952153
3021.3289930181095,2177.7653653381694
2603.085530709703,2127.1031169819457
2380.469876449826,2755.7290394154315
2176.8922940999573,2337.1076364279043
2603.0855307097017,2282.738543505189
3021.3289930181095,2449.7614696732303
2452.475096760917,3249.3336722327435
2603.085530709698,2392.7716644511133
1932.2765260167578,2177.765365338171
2242.7396340646014,2567.845470509921
2846.519650269989,2229.6342610769398
2762.945193261949,2821.3635767741107
3021.3289930180995,2337.107636427904
2452.4750967609143,2508.1086287739067
2762.9451932619486,3027.7965043283766
2380.4698764498235,2282.7385435051924
3112.719126506788,2821.3635767741102
1875.5444527159777,2127.1031169819457
2452.4750967609193,2127.103116981947
2762.945193261948,2392.771664451113
2932.622094398881,3027.7965043283775
3112.7191265067936,2508.1086287739095
2050.9407303859693,2629.005093627751
1932.2765260167603,2508.1086287739067
2846.519650269986,2449.7614696732303
1990.7246493617527,2508.1086287739063
2050.9407303859666,1890.9316494736313
2526.658354191204,2629.0050936277516
2452.475096760912,2127.1031169819466
3112.7191265067927,2392.771664451114
2932.622094398882,2282.738543505192
3303.8762065615642,2629.0050936277526
2452.475096760917,2821.3635767741116
2310.578745598357,2508.1086287739076
2310.578745598362,2449.7614696732303
2932.6220943988774,2337.107636427905
2603.0855307096995,2392.771664451113
3206.8736582183674,2508.1086287739085
2526.658354191207,2337.1076364279043
2603.085530709693,2337.1076364279056
3021.328993018103,2229.6342610769384
2050.940730385969,1935.968887248076
2050.9407303859666,2077.619445275602
2603.0855307097004,2821.363576774113
2932.6220943988806,2029.2869325074407
2681.824501104445,2957.3596331594904
2762.9451932619418,2821.3635767741093
3834.717244002973,2508.1086287739067
2050.9407303859666,1982.0787987952167
2762.9451932619395,2821.3635767741093
2762.945193261943,2392.771664451113
2452.47509676091,1890.9316494736318
1990.7246493617486,1890.9316494736324
2681.824501104447,2567.845470509921
2176.8922940999605,2177.76536533817
2762.9451932619418,2508.108628773908
2380.469876449826,2229.6342610769393
2380.4698764498307,2508.1086287739076
2452.475096760914,2229.6342610769398
2380.4698764498253,2229.6342610769398
2310.578745598361,2449.7614696732294
2603.0855307096995,2755.729039415429
1990.7246493617556,2691.6213852028054
3021.3289930181086,2127.103116981946
2380.469876449827,2077.6194452756054
2112.978246843291,2567.845470509921
2526.658354191208,2691.621385202808
2526.658354191208,2029.2869325074391
2603.0855307097,2229.6342610769384
2242.7396340646055,2229.6342610769393
2176.89229409996,2229.634261076937
2762.9451932619486,2449.7614696732285
2112.9782468432913,2691.6213852028077
1990.7246493617524,2392.7716644511124
1715.1480498666976,2282.738543505192
3112.7191265067886,2229.634261076938
2526.658354191209,2508.108628773911
3112.7191265067936,2282.7385435051915
2452.4750967609093,2508.1086287739085
3834.717244002976,2392.7716644511142
3403.812919261673,2392.771664451112
1875.5444527159784,2957.35963315949
1767.0284010606274,2888.561363796558
2380.469876449826,3249.3336722327435
2112.978246843292,2508.1086287739076
3112.719126506791,2691.621385202805
2681.8245011044405,2691.621385202807
2242.739634064601,2691.6213852028077
2603.085530709695,2077.619445275603
2526.658354191204,1803.9759595604735
1715.1480498666979,2449.761469673232
2112.978246843292,2691.621385202806
2380.4698764498257,2337.107636427905
2242.739634064605,2755.729039415426
2932.622094398882,2449.76146967323
2932.622094398879,2337.107636427905
2176.892294099963,2629.005093627754
1932.276526016757,2567.8454705099225
2242.739634064603,2755.729039415429
2603.0855307097004,2229.6342610769375
2380.469876449829,2337.107636427905
3021.3289930181045,2888.5613637965553
3021.3289930181036,2337.1076364279047
2762.9451932619395,2691.6213852028077
1767.0284010606274,2567.845470509921
2176.892294099963,2337.1076364279043
2310.5787455983605,1762.0093273665059
2176.8922940999614,2449.7614696732303
1875.5444527159766,2449.761469673233
3021.3289930181013,2567.845470509923
2932.622094398881,2337.107636427905
2526.6583541912087,2567.8454705099202
3021.3289930181063,2691.6213852028077
3112.7191265067913,2337.1076364279056
2310.5787455983614,2821.3635767741102
2603.085530709703,2077.6194452756035
2603.085530709699,2392.771664451112
2526.6583541912,2691.621385202803
2452.475096760913,2337.107636427904
3021.3289930181036,1982.0787987952149
2681.824501104441,2449.7614696732317
3506.772549868164,2755.729039415427
2603.085530709702,2629.0050936277516
1767.028401060626,2449.7614696732307
2310.5787455983586,2077.6194452756035
2603.0855307096936,3405.958847712297
1522.4181390981869,2567.8454705099216
2603.0855307097017,2127.1031169819444
2380.4698764498276,2177.7653653381703
2846.519650269984,2127.1031169819485
1932.276526016761,2567.8454705099234
2452.47509676091,2508.1086287739063
2380.469876449826,1982.078798795217
3206.8736582183756,2449.7614696732303
2846.519650269987,2229.6342610769407
2603.0855307097004,2567.845470509923
3206.87365821837,2392.771664451115
3206.8736582183737,2508.1086287739076
3206.8736582183765,2567.845470509923
3112.719126506788,2691.621385202808
3206.8736582183737,2821.363576774112
2310.578745598357,1982.0787987952162
3303.876206561558,2508.1086287739095
2380.4698764498276,2755.7290394154315
3021.3289930181045,2127.103116981945
1990.7246493617502,2957.3596331594877
2380.469876449825,2821.3635767741134
2526.658354191204,2077.619445275603
1715.148049866698,2508.108628773908
1875.544452715978,2888.561363796559
2310.5787455983605,2821.3635767741116
2050.940730385965,3173.743091119185
1932.2765260167603,1803.9759595604714
3950.7110075522796,2029.2869325074394
2452.4750967609143,2691.621385202807
2846.5196502699896,2229.6342610769393
2112.9782468432927,2508.108628773905
3112.7191265067863,2888.5613637965544
2603.0855307097004,3099.911004678521
2310.5787455983586,2567.8454705099202
2380.4698764498235,2691.621385202808
2380.469876449825,2957.3596331594863
2603.0855307097045,2449.7614696732285
2310.5787455983595,2567.845470509919
3021.328993018099,2957.3596331594845
2050.9407303859657,2508.108628773909
2310.578745598361,2629.005093627752
2176.8922940999614,2567.8454705099216
3506.772549868169,2337.1076364279043
2932.622094398875,2282.738543505188
2846.5196502699887,2449.7614696732303
2603.085530709703,2508.1086287739076
2242.7396340646014,2177.7653653381703
2242.739634064603,2337.107636427906
2176.89229409996,2629.0050936277526
2452.4750967609166,1982.0787987952162
2310.5787455983595,2629.00509362775
3506.77254986817,2821.3635767741107
2310.578745598356,2282.7385435051915
2380.4698764498253,2337.1076364279043
3021.328993018103,2888.5613637965575
2846.519650269985,2888.5613637965566
2526.6583541912046,2282.738543505193
2176.8922940999587,2567.8454705099234
2603.0855307097004,3027.7965043283752
2310.5787455983564,2691.621385202808
2846.519650269985,2755.729039415427
2242.7396340646014,2229.63426107694
2452.4750967609148,2229.6342610769398
2242.739634064601,2229.634261076939
2380.4698764498253,2567.84547050992
1932.276526016757,2029.2869325074405
2452.4750967609175,2282.738543505193
2242.7396340645982,2392.771664451115
1875.5444527159782,1982.0787987952162
2932.6220943988747,2337.1076364279083
2846.5196502699873,2177.76536533817
1715.1480498666983,2449.7614696732317
2176.8922940999632,1762.0093273665045
2176.89229409996,2282.7385435051906
2526.6583541912046,2127.103116981946
3403.812919261677,2229.6342610769384
2846.5196502699887,2888.561363796558
3303.8762065615624,2337.1076364279056
2762.9451932619486,1846.9421314222236
2452.4750967609116,2567.8454705099216
2452.4750967609184,2755.7290394154247
2050.9407303859675,2077.619445275604
2681.824501104437,2449.761469673229
2380.4698764498285,2821.3635767741107
3112.7191265067913,2508.108628773906
2310.5787455983595,3405.958847712295
2050.9407303859693,2337.107636427905
2681.8245011044373,2821.3635767741084
2452.4750967609166,2337.107636427905
2452.4750967609184,2337.1076364279056
1932.2765260167603,2337.107636427905
2452.4750967609184,2691.621385202806
3021.328993018103,2888.5613637965594
2380.469876449829,2691.6213852028054
2526.6583541912014,2567.8454705099216
2380.469876449828,2077.6194452756054
3303.876206561566,2229.634261076939
2526.658354191203,2077.6194452756044
2526.6583541912028,2229.6342610769393
2526.6583541912028,2957.3596331594877
1990.7246493617515,2077.619445275604
2452.475096760918,2449.761469673231
1820.4780458442353,3326.724630941164
2762.945193261948,2567.845470509921
2242.7396340646037,2229.6342610769393
2176.8922940999614,2282.73854350519
2762.9451932619518,2282.7385435051933
2762.945193261947,2691.621385202807
1932.2765260167614,2508.1086287739067
2380.469876449822,2449.7614696732294
2846.519650269988,2337.1076364279047
2681.824501104435,2282.7385435051924
2932.6220943988756,3099.911004678518
2452.4750967609157,2449.7614696732326
2603.0855307096967,2957.359633159488
2380.469876449826,2449.7614696732307
2310.5787455983645,3027.796504328375
3112.719126506792,2392.7716644511147
1932.2765260167578,2691.6213852028054
3021.3289930181095,2957.3596331594877
2932.6220943988787,2567.8454705099216
2762.9451932619486,2337.1076364279056
1715.1480498666976,2567.845470509919
2681.824501104447,1890.931649473632
2762.94519326195,2282.738543505192
2526.658354191204,2691.621385202805
1990.7246493617524,2282.7385435051942
2846.519650269987,2888.561363796559
2242.739634064603,2691.6213852028054
2762.945193261947,2282.73854350519
1875.5444527159768,2282.738543505192
2603.0855307097027,2127.1031169819453
2681.8245011044455,3487.080224318952
1990.724649361754,2449.7614696732285
2526.658354191207,2449.7614696732294
2310.578745598364,2691.621385202806
2112.978246843294,2392.7716644511133
2762.94519326195,2282.7385435051906
3021.3289930180995,2629.0050936277516
1875.5444527159782,3405.9588477123007
2846.5196502699896,2177.76536533817
2380.469876449824,2029.2869325074382
2310.5787455983605,2567.8454705099243
2603.0855307097045,1803.975959560473
1522.418139098184,1890.9316494736324
2310.578745598358,2755.729039415427
2310.5787455983614,2449.7614696732285
2242.7396340646037,2567.8454705099243
2526.6583541912096,2127.1031169819485
3021.3289930180977,2392.7716644511106
2380.469876449827,2629.0050936277526
1875.544452715977,2077.619445275605
3403.8129192616675,3099.9110046785236
2603.085530709702,3249.3336722327463
2452.475096760915,2755.729039415426
2242.7396340646005,3249.333672232742
2112.978246843293,2567.8454705099225
3021.3289930181013,2077.619445275603
1875.5444527159768,2029.2869325074403
2681.824501104446,2229.6342610769384
2112.9782468432927,2337.1076364279024
2681.8245011044405,2888.561363796557
2050.940730385964,2508.1086287739085
2932.6220943988737,2629.0050936277516
2846.5196502699846,2629.0050936277516
2603.085530709694,2629.0050936277526
2846.5196502699864,2821.3635767741107
2526.658354191209,2392.7716644511142
1767.0284010606267,2177.765365338171
2681.8245011044455,2888.561363796557
2762.945193261945,2392.771664451113
2310.578745598356,2629.005093627752
1477.719600199199,2392.7716644511147
2452.4750967609193,2029.2869325074385
3403.8129192616725,2508.1086287739076
2452.4750967609184,1982.0787987952176
2526.658354191208,2449.761469673233
2176.8922940999614,2888.561363796558
3403.812919261672,2821.3635767741102
2846.5196502699823,2449.7614696732303
1522.4181390981853,2229.634261076938
2242.739634064602,2177.7653653381717
1767.0284010606272,2127.103116981947
2310.578745598364,1982.0787987952158
2112.9782468432945,3173.743091119184
1767.028401060627,2337.1076364279033
2932.6220943988756,3027.7965043283752
2526.658354191207,3326.724630941159
1767.0284010606276,2629.005093627754
3112.719126506794,2449.7614696732317
2681.8245011044405,2449.7614696732317
1932.2765260167575,2629.005093627756
2762.9451932619477,2755.7290394154243
2176.892294099961,2177.76536533817
1820.4780458442342,2177.7653653381676
2681.824501104445,2449.7614696732317
2762.9451932619477,2392.7716644511133
2603.0855307097027,2508.108628773906
2176.892294099963,2449.761469673228
1820.478045844232,2755.729039415428
1990.724649361752,2029.286932507439
2380.4698764498235,2337.1076364279043
2681.824501104445,2567.8454705099202
2762.94519326195,2567.8454705099216
2762.9451932619454,2449.7614696732307
3612.8465365765005,2229.634261076938
2603.0855307096936,2337.1076364279024
2452.4750967609175,2691.621385202808
2681.8245011044455,2127.1031169819457
1715.148049866698,2508.108628773908
1990.7246493617542,2449.7614696732307
2176.89229409996,3173.7430911191864
2452.475096760917,2567.845470509923
2526.658354191202,2449.7614696732317
2603.085530709693,3099.911004678523
1932.2765260167614,2127.103116981947
2681.824501104445,2508.1086287739076
2932.6220943988756,3249.333672232745
2310.578745598362,2029.2869325074398
2310.5787455983595,2508.1086287739085
2762.94519326195,2508.1086287739063
2242.7396340646037,2449.761469673229
2242.7396340646023,2449.7614696732317
2846.5196502699787,2691.6213852028077
2603.0855307096936,2282.738543505189
1664.7909174497786,2567.8454705099216
3722.129083434154,2077.6194452756054
1990.7246493617513,2337.107636427905
2762.94519326195,2229.6342610769393
2452.4750967609157,2691.621385202805
2050.940730385966,2229.6342610769375
2112.978246843292,2567.8454705099225
3612.846536576501,3099.911004678521
2176.8922940999614,2821.363576774111
2603.085530709703,2567.84547050992
2526.6583541912037,2127.103116981948
2762.945193261948,2229.6342610769384
3021.328993018098,2282.738543505192
1664.7909174497813,2127.1031169819476
2242.7396340646,2449.7614696732294
2050.9407303859643,2077.6194452756044
2526.658354191202,2821.3635767741116
2310.5787455983623,2629.0050936277516
2603.0855307097036,2691.6213852028086
2603.085530709702,2177.765365338171
2452.4750967609166,3173.743091119185
2681.8245011044355,2127.1031169819444
2603.0855307097036,2029.2869325074394
3403.812919261673,1890.9316494736297
1820.4780458442349,2337.107636427905
2603.085530709702,2449.761469673229
2526.658354191204,2629.0050936277535
1990.7246493617538,3570.1337081637726
2242.7396340646005,2449.7614696732307
3206.8736582183687,2077.6194452756044
3021.3289930181095,2449.7614696732303
2242.739634064602,2691.621385202807
3206.87365821837,3173.743091119189
2380.4698764498303,2337.1076364279056
3303.87620656156,2392.7716644511147
2112.978246843294,2629.00509362775
2681.8245011044496,1935.9688872480765
1664.7909174497784,3027.796504328375
3403.81291926167,2888.561363796558
3021.328993018109,2127.103116981946
2452.475096760914,3027.796504328378
2681.8245011044414,2821.363576774114
2762.9451932619504,1982.0787987952167
2681.824501104446,2177.7653653381717
3021.328993018101,2127.103116981946
1875.5444527159782,2449.7614696732294
2762.9451932619518,2567.845470509923
1932.2765260167596,2567.8454705099225
2380.4698764498307,2029.2869325074385
1875.5444527159777,2449.76146967323
2603.085530709697,2177.7653653381703
2762.9451932619436,2337.1076364279043
3112.71912650679,2337.107636427905
2112.9782468432904,3027.7965043283775
2176.8922940999587,2229.6342610769398
3021.3289930180995,2508.108628773909
2526.6583541912037,2691.621385202807
1875.544452715978,3027.796504328374
3206.8736582183674,2821.3635767741093
2242.739634064604,2691.621385202805
2932.62209439887,1762.009327366505
1932.2765260167596,2229.6342610769398
2112.9782468432963,2337.1076364279024
2603.085530709693,2077.6194452756044
1990.7246493617524,2127.1031169819457
2112.978246843292,2957.359633159486
2380.469876449823,3249.333672232743
2176.8922940999596,2449.7614696732303
3021.328993018107,2337.107636427904
2932.6220943988733,2888.5613637965575
2242.7396340645996,2888.5613637965544
2526.6583541912037,2077.6194452756035
2681.824501104443,2755.729039415425
2681.8245011044432,1935.9688872480754
2846.519650269979,2888.5613637965553
2112.978246843296,2229.634261076939
1990.7246493617542,2337.107636427905
2846.5196502699887,2449.7614696732285
2112.9782468432945,2077.619445275603
2176.892294099962,2229.634261076939
2603.085530709703,2691.621385202806
2603.0855307097036,2229.634261076937
3834.7172440029776,2567.845470509923
2310.578745598362,2392.771664451116
2846.51965026999,2957.359633159489
2762.94519326195,2449.761469673229
3206.87365821837,2449.7614696732307
2310.5787455983636,2629.005093627752
2932.6220943988815,3831.3524887574704
2176.8922940999614,2508.1086287739076
2380.4698764498253,2282.738543505192
1990.7246493617506,2337.1076364279056
3112.719126506789,2755.729039415428
2310.578745598361,2029.2869325074396
3612.8465365765123,2029.286932507441
2310.5787455983573,2821.3635767741102
2242.7396340646005,2567.845470509923
2846.519650269985,2077.619445275604
2846.5196502699823,2177.7653653381717
1990.7246493617527,3027.7965043283766
2310.57874559836,2229.6342610769393
2932.6220943988815,2392.771664451112
2846.519650269985,3249.333672232745
3206.873658218369,2077.619445275604
1767.0284010606276,1982.0787987952172
1990.7246493617527,2755.729039415426
2310.5787455983614,3027.796504328375
3112.7191265067886,2629.0050936277507
2380.4698764498257,3405.958847712298
2603.085530709698,2229.634261076938
1820.4780458442347,1935.9688872480765
2603.0855307096977,2755.729039415426
2846.5196502699782,2127.1031169819466
3021.328993018099,2755.729039415429
2050.94073038597,2229.6342610769384
2242.7396340646055,2629.0050936277535
2310.5787455983586,2127.1031169819457
2846.5196502699887,2821.3635767741107
3206.8736582183697,3570.133708163772
2242.7396340646037,2077.6194452756063
3021.32899301811,2821.363576774112
2603.085530709693,2755.729039415428
2932.622094398873,2282.7385435051906
2310.5787455983595,3027.796504328375
2112.978246843297,2508.1086287739095
2603.0855307096954,2755.7290394154265
2526.658354191208,2229.63426107694
2762.9451932619454,2392.7716644511133
1875.5444527159764,2127.1031169819453
2526.6583541912028,2392.7716644511156
3021.3289930181086,2077.6194452756044
2380.469876449826,2392.771664451113
1875.544452715977,2077.6194452756044
2762.9451932619395,2821.363576774111
3403.8129192616657,2567.8454705099225
2452.475096760914,2629.005093627752
1767.0284010606279,2508.108628773908
2452.475096760917,3173.7430911191823
2380.469876449827,2508.108628773908
2846.5196502699864,2567.8454705099216
2242.739634064603,2755.729039415427
2112.9782468432954,2567.8454705099202
2846.5196502699787,2755.729039415428
1990.724649361751,2821.3635767741102
2932.622094398881,2282.738543505192
2380.4698764498266,2282.7385435051924
2681.824501104446,3173.7430911191864
1932.2765260167596,2077.619445275602
2762.9451932619427,2957.3596331594936
2242.739634064601,2449.761469673229
2176.89229409996,2029.2869325074391
2526.658354191203,3173.743091119185
2603.0855307096936,2449.7614696732303
2112.978246843293,2282.738543505192
2603.085530709699,2392.7716644511147
2846.519650269981,2229.6342610769398
2846.5196502699782,2177.76536533817
2603.0855307096963,2449.761469673229
2310.5787455983573,2229.6342610769393
1932.2765260167585,2177.765365338169
2310.578745598361,2392.771664451113
2932.622094398875,3027.796504328375
2380.469876449824,2177.7653653381713
2762.945193261941,2282.7385435051915
2526.6583541912,2077.6194452756035
2310.578745598361,2392.771664451114
1820.4780458442342,2691.6213852028077
2310.57874559836,2888.561363796557
2846.5196502699864,2629.0050936277526
3206.8736582183683,2957.359633159487
2681.824501104441,2077.6194452756026
2846.5196502699896,2821.363576774112
2762.9451932619418,2029.2869325074403
2310.5787455983577,2508.108628773909
1820.4780458442342,2508.1086287739085
2762.94519326195,1890.931649473632
2681.824501104438,2177.7653653381703
3112.7191265067936,2282.738543505192
2846.519650269988,2229.634261076938
3021.3289930181018,2449.761469673231
1990.7246493617536,2629.0050936277516
2176.8922940999573,2177.76536533817
2681.8245011044382,2229.634261076937
2310.5787455983614,2957.359633159489
2526.6583541912087,2508.1086287739085
2762.945193261945,1890.9316494736318
1990.724649361752,2691.621385202806
2310.5787455983595,3173.7430911191827
2310.5787455983623,2567.8454705099207
2681.824501104445,2821.363576774115
2846.5196502699846,2282.7385435051915
3021.328993018101,3027.7965043283752
2310.5787455983595,2567.8454705099216
2452.4750967609143,2392.771664451113
2526.6583541912014,2337.1076364279043
3722.1290834341503,2629.005093627752
2526.658354191204,2755.7290394154293
3112.719126506791,2077.6194452756035
2242.7396340645987,2449.7614696732294
2050.940730385966,2282.73854350519
3112.7191265067945,2821.3635767741102
2050.940730385968,2691.6213852028045
2762.945193261949,2449.7614696732294
2380.4698764498253,2127.1031169819476
2050.940730385968,2177.7653653381703
2846.519650269986,2392.7716644511142
2932.6220943988756,2629.0050936277544
2846.5196502699832,2449.761469673228
2380.46987644983,2177.7653653381713
3021.3289930181018,2821.363576774111
1875.5444527159777,2392.7716644511133
2452.475096760917,2229.6342610769393
2846.5196502699796,2691.6213852028027
3403.81291926167,1846.942131422222
2526.6583541912046,2508.1086287739067
3612.84653657651,1890.931649473631
2681.8245011044432,2629.005093627752
2846.5196502699846,2392.7716644511147
2242.7396340646023,2177.7653653381726
3112.7191265067886,2755.729039415426
2112.9782468432927,1846.9421314222236
2526.6583541912005,2691.6213852028077
1820.4780458442349,2337.107636427904
2762.9451932619427,2567.84547050992
1715.1480498666979,2629.005093627755
1820.4780458442347,2449.761469673228
2380.4698764498266,2821.363576774113
2526.6583541912037,2392.7716644511147
2242.7396340646014,2449.7614696732317
2932.622094398876,2229.634261076939
1990.7246493617508,2177.7653653381703
2380.4698764498266,2029.286932507439
2603.0855307097,2629.0050936277544
2603.085530709693,2508.1086287739085
1875.5444527159777,2449.761469673228
2932.6220943988724,2282.7385435051915
2176.89229409996,2755.72903941543
2603.0855307097036,2567.8454705099234
2176.8922940999596,2392.771664451115
2310.5787455983614,2755.7290394154265
2846.5196502699905,3027.7965043283766
3021.328993018109,2229.6342610769384
2380.4698764498303,2691.621385202806
3021.3289930181018,2755.7290394154293
3206.8736582183765,2691.6213852028077
3303.876206561562,2127.1031169819457
2112.9782468432954,2755.729039415426
2762.9451932619404,2029.2869325074385
2452.4750967609198,2229.6342610769384
2310.578745598362,2392.7716644511106
2846.5196502699896,2449.7614696732307
2526.6583541911987,2508.1086287739085
2112.978246843295,1982.0787987952183
2846.5196502699823,2567.8454705099216
2242.7396340646014,2337.1076364279065
3206.8736582183665,1846.9421314222232
1875.5444527159782,2449.7614696732317
2242.7396340646014,2755.729039415428
2762.9451932619486,3570.1337081637744
2762.9451932619486,3173.743091119185
3021.3289930181104,3099.9110046785217
3303.8762065615674,2392.7716644511115
2603.085530709694,2449.761469673228
2112.978246843293,2755.7290394154297
2380.4698764498276,2282.73854350519
2603.085530709697,2177.76536533817
3206.8736582183724,2691.6213852028077
2762.9451932619463,2282.7385435051933
2932.62209439888,2282.7385435051915
3021.328993018099,2821.363576774108
1820.4780458442333,2508.1086287739104
2846.5196502699846,2282.738543505192
2380.4698764498226,2127.1031169819466
2846.5196502699905,2177.76536533817
2380.4698764498276,2567.845470509923
2603.0855307096936,2821.3635767741102
2846.5196502699846,2888.561363796556
1932.2765260167587,2282.7385435051915
2603.0855307097,1846.9421314222225
3112.719126506792,2282.738543505189
4070.2133878590216,2957.3596331594904
2050.9407303859693,2957.359633159485
2603.085530709701,2957.3596331594886
2603.0855307097054,2508.108628773909
2681.824501104444,2888.5613637965553
3206.873658218375,2077.619445275603
2380.4698764498266,1721.018982139317
2380.469876449829,2127.1031169819457
2112.978246843296,2567.8454705099225
1664.79091744978,2567.845470509923
2526.658354191199,1846.9421314222232
2846.5196502699837,1803.975959560473
2112.9782468432927,2567.84547050992
4070.213387859016,2029.2869325074369
3506.772549868164,2449.7614696732307
2112.978246843294,1982.0787987952158
2176.892294099961,2177.76536533817
2681.824501104443,2691.621385202808
2380.469876449824,2567.8454705099252
1767.0284010606272,2755.729039415427
3206.8736582183687,2337.1076364279056
2310.5787455983573,2888.561363796559
3303.876206561563,3027.796504328377
2452.4750967609148,2177.765365338171
2050.9407303859634,2508.1086287739076
2452.4750967609143,2821.363576774109
3206.8736582183756,2229.6342610769393
2526.658354191203,2337.1076364279043
2603.0855307096977,2755.729039415429
2526.6583541912087,2508.108628773909
2526.6583541912028,2127.103116981947
2310.5787455983623,2567.8454705099225
2526.658354191207,2282.738543505191
2932.6220943988774,2392.771664451113
3834.717244002972,2821.363576774111
2762.945193261946,2508.108628773908
2603.0855307097054,2282.7385435051924
2380.469876449825,3405.958847712295
1932.276526016757,2449.7614696732307
2176.892294099959,2691.621385202806
2452.475096760913,2629.0050936277535
2846.519650269986,2337.1076364279024
3612.8465365765005,2229.634261076938
2112.9782468432977,2229.6342610769393
2603.0855307096977,2392.771664451114
2452.475096760912,2567.8454705099216
2380.4698764498253,2888.561363796557
2310.5787455983586,2449.7614696732303
2846.519650269984,2229.6342610769398
3206.873658218367,2957.359633159489
2176.8922940999573,2755.729039415426
3021.328993018103,2392.7716644511133
2603.0855307097017,2755.729039415427
2846.5196502699896,2567.8454705099184
2846.5196502699837,2691.621385202807
1820.4780458442344,2508.1086287739076
2603.0855307096995,1982.078798795217
2242.7396340646033,3027.796504328378
2176.8922940999637,2888.5613637965553
2681.82450110444,2449.761469673229
2452.475096760914,2282.7385435051942
1767.0284010606279,1762.0093273665036
2380.46987644983,3099.9110046785186
1875.544452715977,2282.738543505191
3021.328993018107,2282.7385435051915
2310.5787455983614,2392.771664451112
2176.892294099961,2127.103116981946
2050.940730385969,2392.771664451116
2603.0855307097027,2629.0050936277526
1875.5444527159782,2691.621385202805
2526.658354191209,2629.005093627751
1990.7246493617513,2629.0050936277507
3303.8762065615606,1680.9822121150225
2846.5196502699887,2449.7614696732307
2526.658354191202,2508.1086287739076
2242.7396340645996,2449.761469673226
3206.8736582183715,1982.0787987952167
2310.578745598358,2629.0050936277526
2526.658354191203,2337.1076364279043
2050.9407303859693,2957.359633159487
2762.9451932619504,2629.0050936277544
3112.7191265067945,2888.5613637965566
2762.945193261948,2821.3635767741107
3112.719126506783,2691.6213852028086
2603.085530709697,2755.7290394154275
1932.2765260167603,1935.9688872480763
2176.8922940999637,2392.7716644511133
2380.4698764498276,2392.7716644511133
3021.3289930181068,2821.363576774111
3021.3289930181018,2077.6194452756026
2176.8922940999587,2629.0050936277516
2846.5196502699887,2229.6342610769407
2176.892294099961,2691.621385202808
2846.519650269984,2392.7716644511147
2526.6583541912064,1890.9316494736324
2242.739634064603,2392.771664451114
2526.6583541912005,2177.7653653381703
2603.0855307096967,2629.0050936277553
2603.0855307097027,2755.7290394154265
2932.6220943988856,2282.7385435051906
2380.4698764498253,2077.619445275603
2526.658354191202,2821.3635767741107
3021.3289930181018,2392.771664451114
1932.2765260167587,2177.765365338169
3021.328993018101,2567.8454705099234
2112.9782468432927,2508.108628773908
2310.5787455983595,2449.7614696732307
2762.94519326194,2077.6194452756044
1820.4780458442349,2392.7716644511133
2603.0855307096977,2077.6194452756044
2050.940730385967,2629.0050936277526
1932.2765260167575,2077.6194452756035
2681.8245011044455,2077.619445275603
2050.940730385966,2691.6213852028077
2112.978246843297,2508.1086287739076
2762.945193261951,2392.7716644511133
2380.4698764498244,2337.107636427903
2526.6583541912055,2755.7290394154275
2452.4750967609116,2337.1076364279047
2762.945193261947,2449.7614696732276
2380.469876449822,2755.7290394154297
2603.085530709701,2821.363576774112
2176.89229409996,2337.1076364279043
2242.7396340646023,2229.6342610769393
1820.4780458442342,2957.3596331594854
2112.978246843297,1890.9316494736306
2932.6220943988765,2888.5613637965575
2112.978246843294,2449.7614696732303
3303.876206561567,2508.1086287739063
2310.5787455983627,2029.2869325074385
2603.085530709705,2282.7385435051915
2112.978246843294,2629.005093627754
2603.085530709707,2629.005093627754
2526.658354191206,2449.7614696732294
2310.578745598358,3173.7430911191836
2452.4750967609166,1721.0189821393178
2603.0855307097063,2821.3635767741107
2846.519650269985,2177.7653653381703
2452.475096760913,1982.0787987952158
3206.8736582183674,2127.103116981946
2176.8922940999614,2337.1076364279056
2932.6220943988787,2755.729039415429
3112.719126506786,2077.6194452756026
3506.7725498681657,2127.103116981947
1932.276526016757,2392.7716644511133
2526.658354191204,2392.7716644511142
2762.945193261943,2127.103116981947
2242.739634064601,2337.1076364279047
2526.6583541912046,2282.7385435051924
2762.945193261947,2282.7385435051897
2310.5787455983573,1935.9688872480754
2452.4750967609157,3027.7965043283752
2310.5787455983645,2392.7716644511133
2526.6583541912046,1890.9316494736318
2681.8245011044423,2392.7716644511133
2603.0855307096936,2337.1076364279043
2452.4750967609116,2337.1076364279033
2176.892294099962,2449.7614696732303
2112.978246843293,2755.7290394154243
2176.8922940999587,2508.1086287739085
2380.469876449827,2567.845470509923
2681.824501104441,2337.107636427904
2176.8922940999605,1982.0787987952149
2310.5787455983573,2449.7614696732294
2681.8245011044414,2629.0050936277535
2681.824501104446,2567.8454705099216
2452.4750967609148,2508.108628773908
2526.6583541912046,2337.1076364279024
2380.469876449826,2337.1076364279056
2242.739634064603,2127.103116981948
3303.8762065615633,2449.76146967323
2112.9782468432973,2229.6342610769375
3506.772549868168,2449.7614696732294
2846.5196502699837,2567.84547050992
2310.57874559836,2567.8454705099225
2176.8922940999646,1935.968887248076
2603.085530709701,2449.7614696732294
3303.876206561562,3487.0802243189505
2603.0855307097027,2821.3635767741084
2932.6220943988756,2888.561363796559
2452.4750967609175,3249.3336722327426
2050.9407303859707,3326.724630941165
2380.469876449824,2629.0050936277535
2846.5196502699846,2282.738543505192
3303.876206561563,2127.103116981945
2310.578745598358,2392.7716644511133
3112.71912650679,2629.005093627754
2681.8245011044455,2029.2869325074385
2526.6583541912055,2127.1031169819476
1820.4780458442347,2449.7614696732317
1932.27652601676,3099.911004678521
2526.6583541912,2177.76536533817
2050.9407303859666,2449.7614696732303
2176.892294099961,2691.6213852028086
2452.4750967609175,2029.2869325074396
2526.658354191209,3326.724630941161
2050.940730385969,1982.0787987952158
2310.5787455983636,2282.738543505189
2932.6220943988756,2029.2869325074396
2380.4698764498253,2177.765365338171
2526.65835419121,2567.845470509923
2242.7396340645982,2691.621385202804
2452.4750967609098,2888.5613637965594
3303.8762065615624,2029.2869325074396
2932.6220943988756,2229.634261076939
2242.739634064601,2888.561363796556
2681.8245011044437,2392.771664451114
2380.4698764498253,3027.796504328377
2242.7396340646014,2821.363576774112
2603.085530709706,2755.729039415429
2242.7396340645982,2508.1086287739076
2762.945193261948,2691.621385202811
3112.7191265067886,3027.796504328379
2380.469876449827,2629.0050936277526
3021.3289930181018,2177.76536533817
2112.9782468432954,2392.771664451113
3021.3289930181045,2177.7653653381717
2176.8922940999614,2177.7653653381717
1820.4780458442353,2508.1086287739076
2932.6220943988783,2508.1086287739085
3403.8129192616693,2508.1086287739085
2176.892294099963,2077.6194452756035
2762.9451932619504,3570.1337081637716
3021.3289930181018,2337.107636427903
2762.945193261947,2888.5613637965544
3722.12908343416,3099.911004678524
2846.5196502699846,2755.7290394154297
2112.978246843293,2077.619445275604
3303.8762065615615,2177.7653653381703
3403.812919261669,2077.619445275604
1875.5444527159768,2392.7716644511133
3303.876206561573,2755.729039415425
2526.658354191199,2567.845470509919
1715.148049866697,2229.634261076938
2526.658354191199,2755.729039415429
2452.4750967609098,2629.0050936277535
2112.9782468432945,2691.621385202808
2176.892294099962,2449.7614696732294
2242.7396340646037,2449.761469673232
2762.94519326195,1982.0787987952167
1990.7246493617502,2229.63426107694
1990.7246493617536,2567.84547050992
2932.6220943988833,2229.6342610769393
2603.085530709703,2821.3635767741107
2762.945193261943,3099.9110046785236
2526.658354191204,2229.6342610769384
3403.81291926167,2691.6213852028077
4193.330514694085,2177.7653653381703
2762.945193261949,2508.1086287739076
1990.7246493617529,2229.6342610769384
2310.5787455983577,1762.0093273665038
2603.0855307097004,2337.107636427905
1990.7246493617486,2567.845470509924
2452.4750967609175,2567.8454705099225
2176.892294099959,2508.1086287739076
2310.5787455983623,2392.7716644511133
2050.9407303859693,2888.5613637965553
1715.148049866697,2821.363576774108
2050.940730385967,2567.8454705099207
2452.4750967609125,2567.84547050992
3206.87365821837,2449.7614696732285
3206.8736582183683,2282.73854350519
2846.5196502699846,2177.7653653381726
2310.5787455983573,2449.7614696732294
2310.5787455983627,2508.108628773909
2846.5196502699896,2077.6194452756017
2380.469876449828,2392.7716644511133
2526.658354191204,2449.761469673229
3206.87365821837,2508.1086287739104
1990.7246493617536,3099.9110046785245
1990.7246493617524,2691.621385202805
2526.658354191209,2392.7716644511142
2112.9782468432973,1982.0787987952162
2050.940730385968,2337.1076364279043
2526.6583541912046,2508.1086287739067
2846.5196502699837,2229.6342610769375
3303.8762065615647,2392.771664451114
2310.578745598361,2508.108628773909
2846.5196502699787,2282.738543505189
2242.7396340646046,2508.108628773908
2452.475096760914,2337.107636427905
2526.658354191202,1890.9316494736306
2526.658354191203,2567.84547050992
2452.475096760915,2755.72903941543
2762.945193261951,2691.621385202807
2242.7396340645987,2957.359633159488
2681.8245011044405,2629.005093627752
2846.5196502699873,2629.0050936277516
2452.47509676091,2957.359633159491
2176.8922940999614,2177.765365338171
2242.7396340646014,2629.0050936277516
2176.8922940999623,1890.931649473631
2681.824501104441,3326.724630941161
3021.328993018099,2567.84547050992
2050.940730385966,2392.7716644511142
2526.658354191208,2567.8454705099216
2762.9451932619504,2629.005093627752
3112.719126506788,2449.7614696732294
3021.3289930181118,2029.2869325074385
1932.276526016759,3249.333672232745
2681.824501104438,2957.3596331594886
2762.9451932619486,2282.738543505191
1932.2765260167598,2508.1086287739067
2526.6583541912046,2282.7385435051915
2380.469876449825,2957.3596331594886
2242.739634064601,2508.1086287739067
2603.085530709699,2629.0050936277553
2526.658354191209,2567.8454705099257
2380.469876449827,1890.931649473632
2762.9451932619504,2077.6194452756044
2681.8245011044414,1641.876833882807
2762.9451932619486,2755.729039415429
1664.7909174497797,2508.1086287739067
2310.5787455983645,2888.561363796558
2932.622094398881,2282.7385435051906
2176.8922940999632,3173.743091119186
2762.945193261949,3027.7965043283752
2310.578745598358,2888.561363796557
1767.0284010606267,2392.7716644511147
3206.8736582183724,2029.2869325074394
2112.978246843293,2282.7385435051933
1990.7246493617538,2691.621385202804
2681.824501104446,2282.738543505191
3506.7725498681684,2077.6194452756026
2176.8922940999632,2508.108628773909
2526.658354191204,2629.0050936277526
2526.658354191208,2691.621385202805
2310.5787455983614,2127.1031169819435
2112.9782468432904,2449.7614696732303
1767.0284010606272,2029.2869325074394
3506.7725498681625,2392.7716644511142
2452.4750967609143,3027.796504328378
1875.544452715978,2957.3596331594886
2681.824501104438,2888.5613637965594
2526.658354191199,2567.8454705099225
3722.1290834341457,2957.35963315949
2603.0855307097045,2337.1076364279047
2112.9782468432954,2392.7716644511133
2932.6220943988747,2449.7614696732294
2932.6220943988774,3173.7430911191855
2310.5787455983627,2957.35963315949
2932.6220943988737,2127.1031169819466
3303.8762065615624,1721.0189821393171
2112.9782468432904,2077.6194452756044
2603.085530709693,2077.619445275605
3021.328993018105,2077.619445275603
2242.7396340646005,2177.7653653381717
3834.717244002973,2337.1076364279043
2242.739634064601,3326.7246309411607
2380.4698764498307,2127.1031169819457
2176.892294099961,2282.7385435051906
1767.028401060626,2392.7716644511133
2176.892294099962,2177.7653653381703
2242.7396340646023,2567.8454705099216
2242.7396340645996,3027.7965043283743
2932.622094398879,2629.005093627751
1664.7909174497804,2177.7653653381713
1875.5444527159757,2821.3635767741107
2603.0855307097027,2629.0050936277535
2603.0855307096963,2508.1086287739085
2242.7396340646023,2629.005093627754
1820.4780458442333,2177.765365338169
2681.8245011044432,3027.796504328375
2310.5787455983627,2508.108628773908
2176.8922940999655,2567.8454705099202
2681.8245011044423,2691.6213852028054
2112.978246843294,2449.761469673231
2932.6220943988806,2229.634261076941
2242.7396340646014,3173.7430911191836
2310.57874559836,2567.845470509921
2242.739634064603,2282.73854350519
2526.6583541912028,2691.6213852028054
3506.7725498681652,2957.3596331594836
2681.8245011044464,2508.108628773908
2310.5787455983573,2177.7653653381713
2603.0855307097017,3027.79650432838
2176.892294099964,2888.561363796559
2681.8245011044355,2127.1031169819466
2310.5787455983595,2337.107636427904
2526.6583541912055,2229.634261076938
2242.739634064603,2508.108628773911
1820.4780458442349,2691.621385202807
2932.6220943988787,2229.634261076939
3112.7191265067963,2229.6342610769384
3112.719126506785,2691.6213852028077
2762.9451932619395,2229.6342610769393
2310.57874559836,2888.561363796558
2932.6220943988806,2392.7716644511156
2050.940730385965,2755.7290394154293
2603.0855307097027,2508.108628773906
2380.4698764498294,2449.761469673231
2380.469876449829,2177.7653653381717
2526.6583541912037,2392.771664451113
3021.3289930181104,3742.2221653465613
3303.876206561569,2077.6194452756044
1932.2765260167591,3249.3336722327454
2681.824501104435,2957.3596331594845
2242.739634064601,1846.9421314222234
2380.46987644983,2392.771664451113
2380.469876449825,2337.107636427907
2242.7396340646014,2177.765365338171
2603.085530709693,2821.363576774109
3206.8736582183747,2337.1076364279047
2932.6220943988783,1982.0787987952162
2681.8245011044423,2567.8454705099207
2452.4750967609166,1982.078798795215
3303.8762065615742,2755.7290394154306
2452.475096760912,2282.7385435051924
3303.8762065615606,2337.1076364279043
2681.8245011044437,2888.561363796557
2176.892294099963,2449.7614696732307
2112.9782468432936,2229.634261076941
2603.0855307097,2449.761469673229
2452.475096760914,2337.107636427905
2310.57874559836,3027.796504328378
2846.519650269984,2567.8454705099216
2176.8922940999637,2567.845470509923
2846.5196502699837,2957.3596331594836
3303.876206561565,2282.7385435051897
2380.4698764498253,2077.6194452756044
2242.7396340646014,2755.729039415427
2176.8922940999632,2449.7614696732307
2050.9407303859684,2077.6194452756017
2762.945193261945,2449.7614696732294
3722.1290834341485,2755.729039415428
2681.8245011044382,2337.1076364279047
2310.5787455983586,2392.7716644511115
2380.4698764498253,2821.363576774111
3206.8736582183674,2392.771664451113
2242.7396340646037,2392.7716644511142
2380.4698764498257,2449.7614696732303
2176.8922940999573,2127.1031169819466
1875.5444527159777,2508.1086287739063
2526.6583541912037,2691.621385202807
2526.6583541912005,2337.1076364279047
2176.892294099962,3249.333672232746
3206.8736582183765,2177.7653653381703
2932.6220943988756,2629.005093627751
1875.5444527159782,2567.8454705099225
2176.892294099962,1890.9316494736313
2176.89229409996,2755.7290394154293
2526.65835419121,2282.7385435051915
2112.978246843294,2567.8454705099257
2526.6583541912055,2508.108628773909
2050.940730385968,2449.761469673231
2380.4698764498253,2755.729039415428
2603.085530709701,3173.7430911191836
2452.4750967609093,2449.7614696732317
2380.4698764498276,2337.1076364279065
1767.0284010606272,3249.3336722327454
3021.328993018111,2755.729039415428
1990.7246493617542,2337.107636427904
2176.8922940999623,2821.363576774109
2681.8245011044346,2449.761469673228
2603.0855307096936,2508.108628773908
2242.7396340646023,2337.1076364279043
2603.0855307097054,2392.771664451112
2762.945193261947,2567.845470509924
2603.0855307097027,3173.743091119187
2310.57874559836,2282.738543505193
2681.8245011044364,2449.7614696732285
2762.945193261949,2957.3596331594904
2452.475096760911,1846.9421314222218
2526.6583541912046,2508.1086287739095
3722.1290834341467,2229.6342610769407
2452.475096760915,2508.1086287739104
2050.940730385967,2337.107636427904
1932.2765260167591,2337.107636427904
2762.9451932619454,2077.6194452756044
2452.475096760913,2127.1031169819453
3112.719126506785,3249.3336722327435
3021.328993018103,2508.108628773904
2176.892294099959,2392.771664451113
1715.148049866698,2127.1031169819457
2762.945193261951,2449.761469673231
3206.873658218377,2691.6213852028077
2681.824501104444,3099.9110046785213
3021.328993018103,2177.765365338169
2380.4698764498257,2755.7290394154293
3722.129083434148,2282.738543505192
2846.5196502699896,2691.6213852028104
2050.940730385969,3027.796504328374
3021.328993018107,2229.634261076939
3021.3289930181018,2127.103116981947
2310.5787455983623,2392.7716644511133
2932.622094398875,2567.8454705099216
2310.578745598358,3099.9110046785195
2452.475096760912,2337.107636427905
2762.9451932619427,2449.7614696732285
2112.978246843295,3249.3336722327463
2310.578745598363,2077.6194452756044
2112.978246843296,2957.35963315949
2176.8922940999637,2449.7614696732294
2932.6220943988737,2567.8454705099225
2846.5196502699873,2449.7614696732317
2526.658354191204,2629.0050936277516
1875.5444527159768,2821.363576774112
1820.4780458442358,2229.63426107694
2526.658354191208,3173.743091119188
2681.8245011044414,2449.7614696732285
2526.658354191203,2282.7385435051924
2681.82450110444,2508.108628773908
2112.978246843293,2629.0050936277526
2380.469876449831,2821.363576774109
3403.812919261675,2029.2869325074391
2603.0855307096995,2449.7614696732294
2681.8245011044355,2755.729039415426
2112.978246843292,2392.7716644511133
2846.5196502699914,2629.0050936277544
3206.873658218369,2691.6213852028045
3112.7191265067913,3173.7430911191864
2242.7396340646023,2337.107636427904
2176.8922940999596,2127.103116981947
2603.0855307097036,2449.761469673233
3021.328993018101,2077.6194452756054
1767.028401060627,2229.634261076938
2932.6220943988756,3326.7246309411616
2681.824501104445,2337.107636427904
2380.469876449822,2177.7653653381713
2603.0855307097054,2229.634261076941
1932.2765260167598,2755.729039415425
2762.94519326195,1935.9688872480751
2762.945193261946,2337.107636427903
2050.9407303859666,2691.6213852028086
2603.0855307097017,2691.6213852028054
2846.5196502699896,2127.1031169819453
3206.873658218373,2567.845470509921
2681.824501104444,3249.333672232741
3021.3289930181045,2449.7614696732307
1932.2765260167582,2229.6342610769398
2050.940730385966,2508.1086287739067
2526.658354191208,2449.7614696732294
2762.945193261949,2229.634261076938
2176.8922940999646,2508.1086287739076
2932.6220943988765,2282.7385435051915
3112.719126506788,2282.738543505192
2603.0855307097017,2567.845470509924
2681.8245011044437,2449.761469673231
2380.4698764498276,2282.7385435051915
3403.812919261678,2888.561363796557
2380.4698764498294,2077.6194452756026
2932.6220943988747,2337.1076364279056
2452.475096760913,2629.005093627755
2112.978246843292,2337.1076364279047
3403.812919261672,2449.7614696732285
2242.7396340646023,2177.7653653381713
2112.9782468432927,2029.2869325074396
2762.9451932619463,2821.3635767741102
2526.6583541912055,2127.103116981947
3112.7191265067886,2337.1076364279056
1875.5444527159773,2229.6342610769384
2310.5787455983564,2392.771664451113
2310.578745598361,2177.765365338169
2526.6583541912046,2508.1086287739067
2681.8245011044455,2508.1086287739067
2176.89229409996,1982.0787987952162
3303.8762065615606,2567.8454705099216
2452.4750967609157,2282.7385435051915
2603.085530709694,2508.108628773909
2526.6583541912014,2629.0050936277526
2846.519650269987,2392.771664451113
2603.085530709697,2888.5613637965594
2603.085530709697,1982.078798795219
2452.4750967609098,1935.9688872480767
1932.2765260167573,2177.765365338172
2526.658354191203,2449.761469673231
2846.519650269982,2337.107636427905
2242.739634064604,2567.8454705099234
2526.6583541912046,1982.0787987952165
1990.7246493617538,2392.771664451113
2242.7396340646014,2337.107636427903
2846.519650269985,2229.634261076939
2681.8245011044355,2282.7385435051915
2526.658354191208,2029.2869325074391
2310.578745598364,2282.7385435051924
2050.94073038597,2629.005093627749
2526.658354191207,1846.9421314222225
2526.658354191201,2567.84547050992
2176.8922940999614,2127.1031169819457
2762.945193261943,2508.108628773908
2112.9782468432936,1529.9348850043323
2526.658354191203,2755.729039415427
2603.085530709701,2691.621385202807
2380.469876449828,2127.103116981944
1820.4780458442358,2392.7716644511133
2452.47509676091,2508.108628773909
2176.8922940999573,2449.7614696732285
2603.0855307097036,2508.1086287739085
2176.89229409996,2567.8454705099202
2242.739634064605,2567.845470509919
2762.9451932619486,2755.7290394154293
2526.6583541911987,2691.6213852028077
1932.2765260167587,2282.738543505192
1664.790917449779,2177.76536533817
2310.578745598361,3405.958847712299
2242.7396340646055,2888.561363796556
2526.658354191206,2691.6213852028045
2932.6220943988737,2567.845470509919
2452.475096760913,3027.7965043283775
1875.5444527159782,1982.0787987952165
2310.57874559836,1935.9688872480765
2762.9451932619486,3173.7430911191886
3021.328993018107,2691.6213852028095
2380.469876449828,2177.7653653381703
2380.469876449826,2337.1076364279047
2452.4750967609193,2449.761469673229
2050.9407303859666,2508.108628773909
2932.6220943988806,2691.6213852028045
2310.578745598361,2229.6342610769384
3303.87620656157,2392.7716644511133
2176.8922940999614,3099.9110046785213
2242.739634064606,3027.796504328376
2932.6220943988765,2229.6342610769393
2452.475096760914,2567.8454705099207
2681.8245011044382,2508.108628773908
3303.876206561567,2392.7716644511147
1820.4780458442356,2177.7653653381713
4070.2133878590166,2177.7653653381703
2526.658354191208,2282.738543505192
2176.892294099963,2282.738543505192
2242.7396340646033,2392.7716644511156
2310.5787455983595,2821.363576774112
3021.328993018104,2888.5613637965553
2846.5196502699837,1982.078798795217
3021.3289930181036,2691.621385202805
2380.4698764498294,2508.1086287739095
2380.4698764498266,3249.3336722327476
2310.5787455983586,2282.738543505191
3206.8736582183747,2567.845470509921
3206.873658218377,2567.845470509921
2176.8922940999605,2337.1076364279047
2681.824501104444,2629.005093627752
2310.578745598362,2177.7653653381713
2176.8922940999582,2567.8454705099225
3112.7191265067927,2282.7385435051915
2681.8245011044346,2229.6342610769393
2112.9782468432936,2567.845470509923
2762.9451932619513,2229.6342610769398
2310.5787455983595,1890.9316494736313
3112.7191265067872,1982.0787987952165
2932.622094398881,2567.845470509921
3021.328993018107,2177.7653653381703
3612.84653657651,1890.9316494736324
3403.8129192616725,2508.108628773909
1932.2765260167587,2957.3596331594886
2452.475096760915,2229.6342610769384
2380.4698764498316,2567.845470509921
2762.94519326195,2029.286932507438
2603.0855307096945,2629.0050936277516
2310.578745598362,1982.078798795217
2176.8922940999614,2029.2869325074391
1875.5444527159764,1935.9688872480756
2380.469876449833,1890.9316494736315
2932.62209439888,2691.6213852028054
2380.4698764498307,2508.108628773908
2932.622094398872,2229.634261076939
2762.945193261949,2888.5613637965525
2762.945193261949,3027.796504328379
2603.085530709702,2888.5613637965553
3206.873658218367,2508.108628773909
2452.4750967609098,2077.6194452756026
2176.8922940999605,3027.796504328377
2603.0855307097027,2957.359633159487
3021.3289930181013,2508.108628773909
2452.475096760917,2127.1031169819466
3303.8762065615756,2567.8454705099243
2846.51965026999,2691.621385202807
2310.57874559836,2029.2869325074385
2380.469876449826,2337.107636427904
3303.87620656156,2282.73854350519
2380.4698764498303,2957.359633159487
2526.6583541912064,2821.363576774113
2176.892294099961,2282.738543505193
2310.5787455983573,2629.005093627754
3303.876206561562,2127.103116981947
2452.4750967609157,2691.6213852028077
2932.622094398883,2392.771664451113
2050.940730385969,2282.7385435051915
2932.622094398881,2449.7614696732307
2380.469876449825,2821.3635767741107
2452.4750967609166,2392.7716644511147
2310.578745598357,2282.738543505192
2526.658354191208,2077.619445275603
1932.2765260167596,2449.7614696732307
2176.89229409996,2567.845470509918
2310.5787455983586,2821.363576774111
2762.945193261939,3173.743091119186
1990.724649361751,2337.107636427906
2526.6583541912087,2449.7614696732294
2603.085530709693,2282.7385435051906
1568.4687338130602,2282.738543505191
2242.739634064605,2508.1086287739063
3112.7191265067845,2629.005093627751
2176.8922940999596,2508.1086287739063
2310.578745598359,2755.7290394154275
2846.519650269989,2629.005093627752
1715.1480498666974,2629.0050936277507
2762.945193261949,2755.7290394154297
2932.6220943988756,2449.7614696732307
3112.7191265067854,2282.738543505189
2112.978246843294,2337.107636427907
2112.97824684329,2821.363576774112
2242.7396340646,2177.765365338172
1990.7246493617529,2337.107636427906
2603.085530709694,2629.0050936277544
2242.739634064602,2957.3596331594886
2380.4698764498253,2821.3635767741093
2452.475096760918,2077.619445275604
2242.7396340646037,2127.1031169819476
2932.6220943988815,2229.634261076938
2380.469876449821,2821.363576774113
2176.8922940999596,2629.0050936277485
2242.739634064603,2691.6213852028072
2452.475096760917,1846.9421314222225
2310.57874559836,2449.761469673229
2603.0855307096936,2755.7290394154297
2112.978246843294,2508.108628773909
2681.824501104443,2337.1076364279056
2762.945193261943,2755.7290394154265
2452.475096760911,2755.7290394154275
1875.544452715977,2337.1076364279047
2846.5196502699923,2029.2869325074391
2603.0855307097,2629.005093627752
2681.8245011044423,2691.6213852028054
1875.5444527159789,2282.7385435051906
2762.9451932619486,1935.9688872480738
3506.772549868174,2282.738543505193
2846.519650269981,2567.8454705099225
2681.8245011044405,2567.8454705099243
2050.9407303859716,2449.761469673231
2452.475096760912,2957.3596331594863
2242.7396340646014,2629.005093627751
1875.5444527159777,2957.359633159487
2380.469876449829,2282.7385435051924
2310.5787455983595,2567.8454705099234
2050.94073038597,2821.363576774111
2112.978246843294,2229.6342610769393
1932.2765260167569,3099.9110046785204
1932.2765260167585,2392.771664451115
2846.519650269987,2229.6342610769398
2526.6583541912,3027.7965043283775
2846.5196502699837,2821.363576774108
2380.469876449826,2392.771664451113
2681.824501104441,2691.621385202803
2452.4750967609184,2392.771664451112
3112.719126506794,2888.561363796557
3112.7191265067927,2449.7614696732303
2380.469876449828,2957.3596331594863
2380.4698764498307,2449.76146967323
1767.0284010606263,2392.7716644511142
2380.469876449828,2449.761469673229
3950.7110075522796,3326.724630941162
2603.0855307096977,2282.7385435051915
1875.5444527159766,2077.6194452756044
2176.892294099959,2755.7290394154265
2242.7396340646014,2629.005093627758
2452.475096760912,2229.634261076939
2762.945193261943,2337.107636427905
2452.4750967609193,2567.845470509919
2681.824501104435,2691.6213852028072
3303.8762065615706,2508.1086287739076
1932.2765260167587,2337.107636427904
2526.658354191204,2337.107636427904
2452.475096760917,1982.0787987952178
2112.978246843291,2392.7716644511156
2176.8922940999605,2077.619445275602
2310.5787455983564,2029.2869325074391
2242.739634064601,2282.7385435051915
2050.940730385969,2127.1031169819453
2603.0855307096967,1803.975959560473
2380.4698764498294,2508.1086287739067
2242.7396340646005,2392.771664451115
2846.5196502699896,2337.107636427908
2176.8922940999587,2337.107636427905
2762.9451932619536,2127.1031169819466
2932.622094398876,2229.634261076939
2176.8922940999605,2691.6213852028077
2681.8245011044414,2821.3635767741093
2176.8922940999632,2392.7716644511142
3206.8736582183756,1935.9688872480756
2762.9451932619427,1890.9316494736324
2050.940730385969,2888.5613637965544
2380.469876449828,1982.0787987952158
2932.622094398876,2567.8454705099207
3506.772549868166,2755.7290394154306
2112.978246843294,2229.634261076939
2932.622094398876,3173.743091119187
2380.4698764498276,3099.9110046785217
2176.892294099961,1982.0787987952183
2526.6583541912028,2177.765365338171
2603.0855307097,2888.5613637965553
2380.4698764498266,2077.619445275604
2242.7396340646064,2077.6194452756035
2380.469876449822,2229.6342610769398
2452.475096760913,3099.9110046785217
2603.0855307097,2508.1086287739063
2603.0855307096967,2229.634261076939
1875.5444527159764,2957.35963315949
1990.724649361751,2567.8454705099216
2846.5196502699832,2449.7614696732303
2050.940730385968,2177.765365338169
2603.0855307096995,2282.7385435051915
2176.8922940999637,2691.6213852028045
2932.622094398876,2077.6194452756044
2603.0855307096967,2337.1076364279047
2932.622094398883,2755.7290394154275
2176.892294099963,2077.6194452756044
2380.469876449822,2127.1031169819457
2762.9451932619418,3099.9110046785236
3722.1290834341503,2957.3596331594877
2310.5787455983636,3099.911004678519
1767.028401060627,2229.6342610769384
2932.622094398876,2392.7716644511142
2526.6583541912028,2282.738543505192
1715.148049866699,2177.76536533817
2176.8922940999614,3173.743091119184
2452.4750967609143,2449.7614696732285
3403.8129192616802,1721.0189821393137
3206.8736582183715,2392.7716644511106
2380.4698764498307,2392.7716644511147
2176.8922940999632,2567.845470509923
2242.7396340646005,2567.8454705099216
2050.940730385965,2567.8454705099243
2242.739634064605,2177.7653653381713
2452.475096760917,2508.1086287739085
2050.9407303859675,2282.738543505192
3403.8129192616725,2957.3596331594913
2603.085530709693,1890.931649473631
2526.658354191204,2821.363576774115
2846.519650269986,2755.7290394154265
2762.945193261951,2229.6342610769398
3112.7191265067936,2449.7614696732294
3021.328993018101,2282.738543505192
2310.5787455983645,3099.9110046785236
2846.51965026999,2077.619445275604
2112.978246843294,2337.1076364279024
2452.47509676091,2029.2869325074391
2176.8922940999623,3099.9110046785217
2050.9407303859666,2629.005093627756
2380.4698764498294,3027.796504328377
2932.6220943988724,2177.7653653381713
2603.085530709701,2177.7653653381703
2846.519650269989,2282.7385435051924
2176.8922940999614,2392.771664451115
2380.4698764498285,2691.6213852028054
2112.9782468432927,2691.621385202806
2242.7396340646,1846.9421314222236
2681.824501104437,2957.359633159486
2112.978246843292,2392.7716644511147
1932.2765260167585,2337.107636427904
1767.0284010606274,1982.0787987952158
1434.3334204533223,2282.7385435051924
2762.9451932619513,2077.619445275603
3021.3289930181086,2821.3635767741093
2050.940730385965,2449.7614696732294
3403.8129192616684,2282.7385435051915
2762.9451932619454,2029.2869325074396
3303.8762065615683,2957.3596331594886
2176.892294099964,2629.0050936277526
2112.978246843293,2629.005093627751
1932.276526016757,2629.0050936277535
2112.978246843294,2392.7716644511115
3021.3289930181018,1890.931649473633
2050.940730385966,2229.6342610769398
2846.519650269981,2029.2869325074405
2176.89229409996,1890.9316494736318
2452.4750967609148,2567.8454705099202
2452.4750967609193,2177.7653653381717
2932.6220943988706,2691.6213852028104
2526.6583541911987,2755.729039415425
2603.0855307097017,2449.7614696732303
2762.9451932619463,2177.765365338169
3112.7191265067936,2567.8454705099216
2681.8245011044455,2337.1076364279056
2526.6583541912046,3326.724630941161
2681.8245011044405,2755.7290394154275
2452.4750967609157,2392.7716644511124
2932.6220943988765,2392.7716644511133
2050.940730385965,2629.0050936277526
3722.129083434151,2392.7716644511115
3403.812919261673,3173.743091119186
3612.8465365764987,2392.7716644511133
2603.085530709701,2567.8454705099207
2176.8922940999614,2077.619445275604
2380.469876449826,2449.7614696732303
2310.57874559836,2282.7385435051915
3403.8129192616802,2177.7653653381713
1990.7246493617515,3173.743091119183
2681.8245011044346,2029.2869325074396
2932.622094398876,2127.1031169819457
2176.8922940999605,2755.729039415429
3112.719126506783,3027.796504328376
2380.469876449824,2449.7614696732307
2681.824501104443,2449.7614696732307
2050.9407303859653,2567.8454705099207
2176.8922940999655,2888.5613637965594
2526.6583541912005,2077.619445275606
2762.945193261939,2282.738543505193
2603.0855307096995,2449.761469673233
2932.6220943988724,2337.107636427904
2176.8922940999614,2821.363576774109
3506.772549868168,2177.765365338172
2846.519650269984,2229.634261076937
2762.9451932619486,2077.619445275603
2380.4698764498235,2629.005093627752
2176.8922940999573,1803.9759595604733
2762.945193261948,2392.771664451113
2603.0855307097017,2449.7614696732307
2681.8245011044355,2127.1031169819466
2242.739634064604,3099.911004678523
2762.945193261939,2337.107636427903
2310.578745598358,2755.7290394154306
2526.658354191199,2177.7653653381713
2310.5787455983586,2508.1086287739067
2932.622094398878,2691.6213852028022
2452.475096760913,2337.1076364279047
2242.739634064605,1846.9421314222236
2526.658354191201,2229.6342610769393
2176.89229409996,2629.0050936277526
1932.2765260167582,2337.1076364279043
2242.7396340646055,2691.621385202805
4070.2133878590166,3326.7246309411607
2452.4750967609166,2755.729039415428
3303.87620656157,2077.6194452756017
2452.475096760911,2029.2869325074391
2681.8245011044373,2127.1031169819453
2452.475096760914,2077.619445275603
2310.578745598358,2077.6194452756017
2452.475096760914,2567.84547050992
3112.7191265067954,2337.107636427905
2310.5787455983595,2629.0050936277507
2762.9451932619504,2282.738543505192
2242.739634064601,2821.3635767741075
2452.475096760915,2392.7716644511147
2242.7396340646014,2177.765365338171
1875.544452715978,2337.1076364279043
2452.475096760917,2508.1086287739085
3021.3289930181095,3173.743091119181
2846.5196502699905,2888.561363796556
2526.6583541912028,2229.6342610769384
2310.57874559836,2508.1086287739063
2762.9451932619463,2229.6342610769407
2681.8245011044405,2449.7614696732317
2380.469876449823,3173.7430911191877
2603.085530709694,2691.621385202807
2526.658354191207,2567.845470509919
2762.945193261947,2337.107636427904
1932.2765260167625,2127.1031169819466
2762.945193261948,2629.0050936277535
2603.0855307097017,3487.0802243189505
2242.7396340646046,2567.8454705099207
2452.475096760912,1982.0787987952178
2112.978246843293,2691.6213852028045
2452.4750967609148,2077.619445275604
2932.622094398878,2029.286932507437
2452.475096760918,2029.2869325074391
2603.0855307097027,2888.561363796555
2310.578745598358,2177.765365338171
1820.4780458442335,2127.1031169819466
2603.085530709699,2508.108628773908
2762.9451932619427,2127.1031169819466
2452.4750967609148,2629.00509362775
2846.519650269978,2229.6342610769393
3021.3289930181063,2821.363576774111
2310.578745598357,2282.73854350519
2526.6583541912087,2449.7614696732303
2526.658354191199,2691.6213852028086
2603.0855307097054,2077.619445275604
2932.6220943988756,2229.6342610769398
2310.57874559836,2629.005093627755
1990.724649361754,2282.7385435051924
2242.7396340646037,1762.0093273665036
2050.9407303859657,2567.8454705099216
3112.71912650679,2392.771664451113
2176.892294099963,2392.771664451113
2176.8922940999632,2449.7614696732285
3403.812919261677,2567.845470509921
1820.4780458442353,2629.00509362775
2932.6220943988787,2449.761469673229
3112.7191265067886,1982.0787987952172
2762.9451932619454,1935.9688872480751
3403.8129192616766,2567.8454705099202
2452.475096760912,2567.845470509924
1990.724649361755,2629.005093627755
2603.0855307097017,2392.771664451114
2603.0855307097027,2629.005093627754
2310.5787455983586,2755.729039415427
2526.658354191204,2567.845470509923
2176.8922940999637,2508.108628773909
1932.2765260167575,3326.724630941163
3722.129083434151,3173.743091119183
2452.4750967609184,1935.968887248076
2242.739634064601,2392.771664451112
2176.892294099961,2567.8454705099207
2603.085530709703,2567.8454705099243
1875.54445271598,2755.729039415429
2050.940730385968,2392.7716644511142
1820.4780458442344,2629.0050936277516
2932.6220943988783,2337.107636427907
2603.0855307096954,2821.3635767741102
1932.276526016759,2029.2869325074394
3112.719126506789,3027.7965043283766
2380.469876449826,3173.743091119184
1875.544452715978,2229.6342610769384
2526.6583541912096,2127.1031169819457
1875.5444527159766,2282.7385435051915
2603.085530709699,2229.6342610769407
3021.3289930181063,2567.845470509923
2452.4750967609157,2449.7614696732276
2846.519650269982,2567.8454705099243
2380.469876449823,2821.3635767741102
2452.4750967609157,1982.0787987952176
1767.0284010606267,2888.5613637965594
2526.658354191207,2392.7716644511133
2603.0855307096995,2508.1086287739063
2380.469876449828,2127.1031169819444
3834.717244002972,2567.8454705099234
2932.622094398878,2449.7614696732335
2526.6583541912073,2755.729039415429
2112.978246843295,2629.0050936277535
3403.8129192616784,2888.561363796556
2452.4750967609166,2282.7385435051915
2176.89229409996,2282.7385435051924
2846.519650269982,2077.619445275603
2603.085530709705,2888.561363796556
2176.8922940999573,2567.8454705099184
2176.8922940999614,1935.968887248076
2050.9407303859675,2282.738543505191
2242.739634064606,3099.9110046785217
1990.7246493617495,2177.765365338171
2112.9782468432923,2508.108628773909
1990.7246493617529,2337.1076364279033
3112.7191265067945,2691.6213852028077
2310.5787455983577,2077.619445275603
2380.4698764498244,2629.005093627752
2846.519650269987,2567.84547050992
2681.824501104439,2177.7653653381713
2050.940730385968,2392.771664451117
2242.7396340646023,2337.107636427903
2176.892294099959,2567.845470509923
2526.6583541912064,2888.5613637965616
2452.475096760911,2821.3635767741107
2242.7396340646,2508.1086287739067
2310.5787455983573,2449.7614696732285
2176.892294099963,2508.108628773908
2176.892294099962,2392.7716644511142
3112.7191265067836,2229.634261076942
2762.9451932619463,1935.968887248079
2310.57874559836,2449.7614696732276
3303.8762065615633,2282.73854350519
2242.739634064601,1846.9421314222243
1990.724649361754,3099.9110046785195
2846.519650269984,2177.76536533817
2846.5196502699837,2229.634261076938
1875.5444527159752,2177.76536533817
2452.47509676091,2337.1076364279043
1767.0284010606276,2691.6213852028077
2603.085530709699,2229.6342610769384
2603.0855307097027,2449.761469673229
2846.519650269978,2337.1076364279043
2762.945193261941,2392.771664451113
3112.7191265067863,2077.6194452756026
3206.873658218367,2177.76536533817
3021.328993018102,2077.6194452756054
2681.824501104435,2077.619445275605
2380.46987644983,2282.738543505191
1820.4780458442358,2888.5613637965594
2380.4698764498257,2567.8454705099234
2310.5787455983577,2567.8454705099225
2681.824501104437,2449.7614696732307
1715.1480498667001,2337.1076364279056
1875.5444527159777,2449.76146967323
2603.0855307097036,2029.2869325074391
2452.4750967609125,2508.1086287739067
2310.578745598356,2029.286932507438
3403.8129192616725,2127.1031169819485
3206.873658218377,2449.7614696732303
2050.940730385965,2449.7614696732303
2681.824501104444,3099.911004678522
2603.0855307097036,2691.6213852028054
2846.5196502699905,2449.7614696732294
2932.622094398876,2508.1086287739113
1932.2765260167557,2282.738543505193
2762.945193261942,1803.9759595604733
2846.51965026999,2449.7614696732307
2603.085530709701,1982.0787987952158
2452.4750967609193,3173.743091119184
1715.1480498666976,1982.0787987952167
2526.658354191203,2177.7653653381713
2452.4750967609125,2755.729039415428
2310.5787455983636,2127.1031169819466
2846.5196502699887,2337.1076364279047
2846.5196502699873,2282.738543505192
2526.658354191202,2282.738543505192
2310.578745598359,2755.729039415427
2452.475096760917,2077.6194452756035
2762.945193261949,2691.6213852028027
3303.876206561567,2691.6213852028054
2050.9407303859703,2629.005093627751
2380.469876449828,2821.3635767741107
2176.892294099964,2229.6342610769384
2681.824501104443,2392.7716644511133
2452.4750967609125,2029.2869325074407
1932.2765260167591,2337.1076364279056
2452.475096760917,1982.0787987952183
2526.658354191208,3173.7430911191877
2526.658354191208,1846.9421314222232
2380.469876449828,2508.108628773909
1820.4780458442344,2821.363576774113
1820.4780458442333,1982.0787987952167
2050.9407303859653,2957.3596331594886
3403.8129192616766,2229.634261076938
2112.978246843293,2127.1031169819457
1767.028401060627,2567.8454705099234
2603.0855307097,2755.7290394154243
1767.0284010606274,2821.3635767741093
1932.27652601676,2629.0050936277507
2242.739634064602,2691.621385202804
3112.719126506785,2282.7385435051906
3206.8736582183756,2567.845470509921
2242.739634064601,1680.9822121150219
2932.6220943988756,2229.6342610769384
3506.7725498681634,2629.005093627747
2380.469876449829,2077.6194452756044
2242.739634064601,2229.634261076938
2452.475096760918,2337.1076364279043
2846.519650269988,2449.7614696732294
2846.519650269984,2508.108628773908
1932.276526016757,2077.6194452756054
3303.8762065615606,1935.968887248076
3612.846536576502,2449.761469673231
2050.9407303859703,1935.9688872480765
1990.7246493617536,2508.108628773909
2603.0855307097054,2449.7614696732303
1875.5444527159764,2508.1086287739095
2762.945193261939,2629.005093627751
1875.5444527159768,2888.5613637965566
1990.724649361751,3099.911004678521
2310.578745598362,2449.7614696732317
2526.658354191204,2029.286932507439
2242.7396340646037,2392.7716644511133
1990.7246493617533,2629.005093627755
2603.0855307096945,2337.1076364279047
1615.9122817640616,2755.7290394154275
2452.475096760914,1982.0787987952144
3021.328993018102,2888.561363796555
2242.7396340646014,2337.1076364279047
1990.7246493617529,2567.8454705099216
2310.5787455983623,2449.76146967323
3206.8736582183715,2392.7716644511133
2762.94519326195,2337.1076364279065
2846.519650269989,1803.9759595604721
2603.0855307096963,2629.005093627754
1932.27652601676,2508.108628773912
2452.4750967609166,2508.1086287739076
2526.6583541912037,2077.6194452756044
3021.3289930181018,2629.0050936277526
1990.7246493617527,2282.7385435051915
2242.739634064601,2821.363576774112
2242.739634064599,2337.107636427905
1932.2765260167598,2508.108628773909
2112.9782468432945,2755.729039415429
2681.824501104444,2755.729039415426
2681.8245011044423,2392.7716644511156
3403.812919261674,2029.2869325074405
2603.085530709702,2567.8454705099243
1875.5444527159782,1890.931649473631
2050.940730385969,2392.771664451113
1767.0284010606263,1982.0787987952172
2681.8245011044455,2567.8454705099216
2380.469876449828,2567.8454705099216
2242.739634064604,2127.1031169819466
2762.9451932619454,2449.7614696732303
2380.469876449826,2629.0050936277516
2526.658354191203,2508.1086287739095
1875.5444527159782,2392.7716644511147
2050.940730385968,2282.738543505193
2310.5787455983623,2282.7385435051924
2932.6220943988747,2029.286932507437
2310.5787455983586,2629.005093627752
3612.8465365765014,2392.7716644511147
2846.519650269984,2449.761469673231
2681.824501104435,2691.6213852028054
2452.4750967609093,2077.6194452756017
2603.0855307097036,2629.005093627754
2242.7396340645982,1982.0787987952178
2242.7396340645996,2629.0050936277516
2603.085530709701,2077.6194452756026
2242.7396340646014,2127.1031169819485
2681.8245011044405,3027.7965043283775
1615.9122817640623,2127.103116981946
1932.2765260167591,2508.108628773909
2112.9782468432945,2282.7385435051906
2176.892294099963,3249.333672232745
1932.2765260167575,2821.3635767741107
2681.82450110444,2282.7385435051924
1615.9122817640646,2392.771664451115
2526.658354191204,2337.107636427904
2932.622094398875,2077.6194452756026
2452.4750967609148,2282.7385435051915
2112.978246843293,2691.621385202807
2681.8245011044432,2029.286932507438
3021.3289930181013,2229.6342610769393
2380.469876449825,2127.1031169819466
2603.0855307096977,2755.7290394154275
2846.5196502699887,2629.0050936277516
2526.658354191208,2229.6342610769393
2452.47509676091,2888.561363796555
2112.9782468432963,2392.7716644511156
2681.824501104446,2821.3635767741107
2681.8245011044464,2282.738543505192
2452.4750967609093,2957.359633159488
2526.6583541912,2691.621385202807
3303.8762065615656,2449.761469673231
2380.4698764498294,2508.1086287739085
3021.3289930181004,2392.7716644511106
3206.8736582183715,2508.108628773909
2310.578745598364,2392.7716644511142
1990.724649361751,2337.107636427904
2112.9782468432936,2888.561363796557
2681.8245011044423,2282.73854350519
3206.8736582183687,1982.0787987952156
2112.978246843296,3027.796504328377
2526.658354191206,2691.621385202807
2310.5787455983577,2755.7290394154297
2762.9451932619504,2392.771664451114
3112.719126506796,2392.7716644511133
2310.5787455983586,2821.3635767741102
2603.0855307097027,2229.6342610769393
2380.4698764498266,2392.7716644511142
2603.085530709701,2127.103116981947
3112.719126506788,2337.1076364279056
2846.519650269985,2567.8454705099225
2452.4750967609143,2508.108628773905
2846.5196502699887,2821.363576774113
2762.9451932619463,2449.761469673231
2050.940730385968,1846.942131422223
1990.7246493617536,2629.00509362775
2932.6220943988806,2029.2869325074403
1932.2765260167605,2691.6213852028077
2681.82450110444,2821.363576774113
2762.9451932619486,2691.6213852028072
2846.5196502699796,2691.621385202808
2176.8922940999596,3099.9110046785195
1664.7909174497804,2821.3635767741116
2846.5196502699887,2229.6342610769393
2846.519650269984,2229.6342610769398
2310.578745598356,2821.3635767741093
2112.978246843294,2567.8454705099225
2380.469876449826,2449.761469673229
2050.940730385964,1935.9688872480763
2452.475096760917,2229.6342610769384
1820.4780458442328,2629.005093627754
2762.9451932619504,2508.108628773909
2526.6583541912046,2449.761469673229
2112.978246843294,2177.76536533817
2380.4698764498257,2392.771664451113
1990.7246493617506,2337.1076364279043
2176.89229409996,1641.876833882807
2380.4698764498257,2177.765365338171
1767.028401060626,2392.7716644511147
2452.4750967609166,1846.9421314222236
3206.873658218366,2392.7716644511133
2603.0855307097004,2691.621385202807
1990.7246493617513,2567.8454705099216
2176.8922940999605,2755.729039415428
2603.085530709694,2508.108628773908
2310.5787455983586,2229.6342610769384
2242.7396340646023,2029.286932507441
2452.4750967609143,1803.975959560475
2242.739634064604,2957.3596331594913
2112.9782468432945,2629.0050936277507
2242.739634064603,2337.1076364279043
2603.0855307096967,2508.1086287739104
2242.7396340646014,2755.729039415426
2452.47509676091,2755.7290394154297
2112.9782468432927,2755.729039415425
2452.475096760915,2337.1076364279056
2242.7396340645987,2821.3635767741107
2112.9782468432923,2888.5613637965575
2242.739634064599,2821.3635767741134
2452.4750967609157,2127.1031169819457
3112.719126506793,2629.0050936277535
3021.328993018105,2282.738543505192
2526.6583541912064,2392.7716644511133
2452.4750967609198,2449.7614696732276
1767.0284010606276,2691.621385202808
3303.876206561563,2508.1086287739104
2112.9782468432945,2337.107636427905
2846.5196502699914,2449.7614696732294
2932.6220943988724,2177.7653653381717
2112.9782468432936,2567.8454705099257
2380.4698764498235,2127.1031169819457
3206.873658218377,2392.7716644511133
2380.4698764498285,3099.911004678518
1820.4780458442353,1846.9421314222222
3206.8736582183683,2282.738543505191
2176.892294099962,2229.6342610769393
2452.4750967609193,2629.005093627755
3021.3289930180995,2567.8454705099225
2050.940730385966,2127.1031169819466
2380.469876449826,2077.619445275604
3722.1290834341576,3027.7965043283766
2176.8922940999596,2957.359633159489
3206.8736582183674,2229.6342610769393
2112.978246843297,1982.0787987952162
2526.658354191203,2177.7653653381703
2380.4698764498266,3027.7965043283766
2603.085530709699,2337.1076364279056
3722.12908343415,3326.724630941163
2846.5196502699887,1566.374087454899
2310.57874559836,2077.6194452756044
2176.892294099963,2821.363576774113
2846.519650269988,1721.0189821393158
2526.658354191204,3027.7965043283766
3722.1290834341485,2957.3596331594886
2526.6583541912064,2508.108628773908
2380.469876449824,2508.1086287739063
2050.940730385967,2567.845470509924
2176.892294099965,2077.619445275604
2176.892294099962,2755.729039415428
2310.5787455983614,2957.359633159489
3303.8762065615683,2629.00509362775
3206.8736582183674,2337.107636427904
2310.57874559836,2337.1076364279065
2310.57874559836,2629.0050936277516
2526.658354191203,2177.76536533817
2681.8245011044346,2508.108628773906
2526.658354191206,2508.108628773908
2681.824501104444,2282.738543505192
2310.578745598361,2392.7716644511142
2681.824501104435,2392.7716644511147
2242.7396340646023,2821.3635767741102
2176.8922940999655,2229.6342610769384
1664.7909174497797,2077.619445275603
2526.6583541912073,2629.005093627754
2176.8922940999596,2629.0050936277507
3021.3289930181077,2229.6342610769393
2681.8245011044455,2229.6342610769393
2112.978246843294,2629.005093627751
2681.8245011044355,2691.62138520281
2242.7396340646014,2755.729039415429
3403.812919261678,2957.3596331594877
2112.978246843297,2337.107636427905
2112.978246843293,2077.619445275604
2452.475096760915,2337.107636427904
2452.475096760912,1935.968887248076
2310.5787455983595,2449.761469673228
2452.475096760914,2282.7385435051906
2762.945193261948,2508.1086287739076
2681.8245011044414,2449.7614696732307
2603.085530709694,2282.738543505192
2176.892294099964,2077.6194452756035
2681.8245011044364,2567.845470509923
2603.085530709698,2229.6342610769393
1990.7246493617536,2177.765365338171
1715.148049866698,2629.005093627754
2380.469876449822,2282.7385435051915
2762.945193261948,2629.0050936277526
3021.3289930181013,2691.621385202808
1875.5444527159782,2337.107636427904
2452.4750967609148,1982.0787987952158
2112.9782468432927,2567.8454705099234
2932.622094398881,1803.9759595604717
2603.0855307096963,2392.771664451116
2526.658354191204,2821.3635767741084
3112.719126506789,2029.2869325074398
2176.892294099962,2337.1076364279043
2452.4750967609148,2691.6213852028054
3303.876206561565,3099.911004678522
3303.8762065615615,2888.561363796555
2603.0855307097,2337.107636427904
2242.7396340646023,2282.7385435051897
2050.940730385969,2821.3635767741116
2526.658354191211,2508.1086287739117
2452.4750967609148,2508.1086287739054
1932.2765260167585,2629.0050936277535
2681.8245011044432,2127.1031169819466
1932.276526016759,2691.6213852028045
2380.469876449826,2755.729039415427
1932.2765260167578,2229.634261076938
2112.978246843294,2127.1031169819466
2526.658354191206,2508.108628773908
2310.5787455983623,2229.6342610769384
3112.719126506789,3326.724630941164
1875.5444527159793,2337.107636427905
2846.5196502699896,2629.0050936277507
2603.0855307096936,2567.845470509921
1820.4780458442344,2755.729039415428
1820.4780458442349,2177.7653653381703
2681.824501104438,2392.771664451112
2932.6220943988733,2337.1076364279056
2526.658354191204,2449.7614696732307
2452.4750967609125,1982.078798795218
2176.8922940999587,2229.634261076939
1990.7246493617508,2392.7716644511147
3722.129083434148,2629.005093627751
2526.658354191207,2755.7290394154275
2310.5787455983595,1846.9421314222234
2762.9451932619486,1890.931649473632
2380.46987644983,2755.729039415425
3206.873658218375,2508.108628773908
2452.475096760915,2449.7614696732276
3303.876206561568,2755.729039415426
2846.5196502699873,3027.796504328376
2380.469876449829,2449.7614696732285
2050.9407303859657,3099.9110046785195
2176.892294099963,2029.2869325074385
2846.5196502699887,2567.845470509921
2380.4698764498257,2077.6194452756035
2380.469876449831,2282.7385435051915
1568.468733813061,2957.359633159486
2681.8245011044464,1982.0787987952176
2932.6220943988765,2029.286932507439
2452.4750967609125,2449.7614696732294
2762.9451932619504,1890.9316494736324
2112.978246843295,2755.729039415426
2603.0855307096963,2337.1076364279043
2846.5196502699837,2229.634261076939
2242.7396340646055,2629.0050936277507
2681.824501104439,2282.738543505192
2176.8922940999614,2888.5613637965566
1932.2765260167587,2629.005093627754
3206.87365821837,2821.3635767741116
2762.9451932619454,1982.0787987952158
2176.89229409996,3173.743091119183
2762.945193261951,2567.8454705099225
2526.6583541912014,2691.6213852028045
2380.469876449829,2337.107636427904
2310.578745598358,2691.6213852028077
3506.7725498681684,2888.561363796555
2932.6220943988833,2821.3635767741093
3112.719126506785,2337.1076364279043
3206.8736582183665,2029.2869325074398
2310.578745598361,2691.621385202808
2050.9407303859666,1935.968887248076
2603.0855307097,2755.7290394154275
2762.945193261942,2392.771664451112
2762.94519326194,2337.107636427905
2526.6583541912055,2888.56136379656
2176.8922940999573,2821.3635767741116
2050.9407303859657,2691.6213852028086
2050.940730385969,2029.2869325074396
2176.8922940999605,2077.619445275603
2846.519650269985,2177.765365338169
3950.711007552284,2282.7385435051888
2932.622094398881,2392.7716644511147
3021.328993018107,2127.103116981946
1767.0284010606279,3249.3336722327476
1715.1480498666992,2567.845470509923
2050.9407303859666,2691.6213852028072
2526.658354191206,2229.634261076939
2310.5787455983627,2691.621385202805
2681.8245011044432,2392.7716644511147
2932.6220943988724,1890.9316494736313
1932.276526016755,2282.7385435051924
2112.9782468432927,2821.363576774111
2932.6220943988787,2449.7614696732307
3021.3289930181018,1935.9688872480756
2526.658354191209,2508.108628773906
2603.085530709703,2888.5613637965566
2846.5196502699832,2229.6342610769398
2310.578745598359,1846.942131422222
2603.085530709693,2567.845470509921
4450.849675375012,1890.931649473632
2932.6220943988737,2282.7385435051906
2762.945193261949,3099.9110046785236
1990.724649361751,2691.6213852028077
2603.085530709697,2629.0050936277516
2526.658354191206,2127.1031169819425
1990.7246493617508,2282.738543505192
2452.475096760913,2127.103116981947
2681.8245011044382,2177.7653653381713
2526.658354191204,2449.761469673229
3112.7191265067963,2337.107636427905
2176.8922940999623,2691.6213852028077
2050.940730385969,2177.7653653381713
2452.4750967609143,2449.7614696732285
2846.519650269984,2508.1086287739067
3021.3289930180986,2449.7614696732303
2681.824501104443,2029.2869325074405
2452.47509676091,2755.7290394154265
2380.4698764498303,2629.0050936277526
2242.739634064605,2282.7385435051906
2452.4750967609148,2508.108628773908
2846.5196502699796,2755.7290394154293
2846.519650269986,2755.7290394154265
2242.739634064604,2127.1031169819476
2112.978246843295,2392.7716644511142
3612.846536576501,2755.7290394154265
1664.7909174497788,2567.8454705099202
2932.6220943988806,2127.103116981946
2310.57874559836,2821.363576774112
2846.519650269988,2337.1076364279056
2112.978246843297,2821.363576774111
2526.658354191202,2449.761469673229
1932.2765260167582,2567.8454705099207
2681.824501104445,2177.7653653381717
3950.711007552277,2392.7716644511124
2932.6220943988756,2888.5613637965566
2112.9782468432923,2029.2869325074416
3206.873658218377,2337.107636427905
3612.846536576507,2282.7385435051906
3112.719126506789,2077.619445275604
2310.578745598361,1680.9822121150207
2603.0855307097027,2127.103116981947
2380.469876449828,1890.931649473632
1875.544452715978,2177.76536533817
2846.519650269986,2691.621385202807
3403.812919261672,2229.634261076938
3021.3289930181013,2821.363576774111
2112.978246843292,2229.6342610769384
2603.0855307097027,2755.7290394154234
2380.469876449829,2337.107636427905
2452.475096760921,2337.1076364279024
2176.8922940999587,2177.7653653381703
2452.4750967609166,2029.2869325074394
3021.3289930181018,2229.6342610769398
2176.8922940999582,2229.6342610769393
2681.824501104441,2392.7716644511124
2603.085530709697,2957.359633159488
2112.978246843294,2282.7385435051915
2762.945193261946,2629.0050936277494
2846.519650269985,2337.107636427904
2932.6220943988856,2392.7716644511133
2762.945193261945,2508.1086287739067
3021.3289930181077,3173.7430911191864
2242.7396340646,2957.3596331594904
2846.5196502699932,2508.1086287739113
2380.469876449825,1935.9688872480763
1820.4780458442335,2449.7614696732307
2762.94519326195,2229.6342610769393
2846.519650269986,2567.8454705099207
3112.7191265067936,2567.8454705099207
2603.0855307096967,2177.7653653381703
2176.892294099961,2755.7290394154275
2681.8245011044455,2077.619445275605
3206.873658218366,2282.738543505191
2452.4750967609143,2449.7614696732294
1875.5444527159773,2392.7716644511124
2050.9407303859657,2567.845470509921
2452.4750967609184,2029.2869325074391
2380.4698764498235,2337.1076364279047
2932.6220943988765,2177.7653653381703
2112.9782468432936,2392.7716644511142
2932.6220943988783,2567.8454705099202
2112.978246843296,2508.108628773906
2310.5787455983605,2449.7614696732303
1990.7246493617527,2449.7614696732294
2846.519650269987,2629.0050936277526
2681.8245011044455,2029.2869325074382
2242.739634064601,2127.103116981948
3112.7191265067877,2282.738543505193
1820.4780458442347,2337.107636427903
2176.8922940999623,2177.7653653381703
2050.940730385969,2629.0050936277553
2452.4750967609193,2508.108628773908
2932.6220943988783,2691.621385202805
2310.5787455983614,2177.7653653381713
3206.8736582183756,2282.7385435051915
2310.578745598356,2449.7614696732307
2112.9782468432954,2337.107636427904
3612.8465365765096,2127.1031169819457
2242.7396340645987,2449.7614696732303
2681.824501104435,2629.0050936277567
2380.469876449826,2337.1076364279056
2526.658354191208,2629.005093627751
2526.6583541912037,2449.7614696732317
3206.873658218367,2392.7716644511133
2846.5196502699887,2888.5613637965594
2681.82450110444,2449.761469673229
2452.4750967609143,2888.561363796558
2452.4750967609175,2392.7716644511142
2310.578745598364,2691.621385202806
2932.62209439887,2282.7385435051915
2452.4750967609125,3027.7965043283752
1932.2765260167614,2392.771664451115
2242.739634064603,2392.7716644511133
2603.0855307096995,2821.3635767741093
2681.8245011044382,2127.1031169819466
2681.8245011044414,2508.108628773908
2681.8245011044455,3249.3336722327454
2681.824501104445,2229.6342610769384
2310.578745598363,2957.359633159487
2526.6583541912087,2127.1031169819466
2526.658354191199,2755.7290394154265
2242.7396340645996,2077.6194452756044
2380.469876449826,1846.9421314222236
2452.47509676091,2567.8454705099225
2603.0855307097036,2508.108628773908
2452.475096760913,2229.6342610769384
2603.085530709703,2449.7614696732307
2242.739634064601,2508.1086287739085
2380.4698764498276,2337.107636427905
2380.4698764498235,2449.7614696732307
2762.945193261951,3326.724630941162
2112.978246843293,1935.968887248076
1715.1480498666983,2691.6213852028086
3021.3289930181018,2691.621385202806
2603.085530709706,3249.333672232742
2846.5196502699837,2508.1086287739095
2310.5787455983627,2392.7716644511147
2310.5787455983573,2888.5613637965553
2112.9782468432954,2629.005093627751
2380.469876449826,2177.7653653381703
2526.658354191211,2629.0050936277535
2932.622094398881,2691.6213852028104
2176.892294099964,2449.7614696732285
2603.0855307097004,3027.7965043283734
2846.519650269984,2629.005093627752
2242.7396340646023,3027.7965043283743
3403.8129192616675,2508.1086287739067
2603.085530709703,2567.84547050992
2681.8245011044382,2567.845470509918
3112.719126506785,2029.2869325074396
3206.873658218375,2888.561363796559
2310.5787455983595,2449.761469673231
2526.658354191203,2077.6194452756044
2603.0855307096995,2282.738543505192
2603.0855307096967,2567.8454705099225
2310.5787455983595,2229.634261076938
2176.892294099961,3326.724630941164
2452.475096760915,2508.1086287739076
2681.824501104445,2691.621385202806
2681.8245011044405,2449.761469673229
3112.719126506796,2691.621385202807
2050.9407303859666,2392.7716644511133
2310.5787455983595,2337.1076364279047
2762.945193261948,1680.9822121150219
2310.5787455983623,2821.3635767741107
2603.0855307097,1935.968887248075
3506.772549868164,2567.8454705099225
1767.0284010606267,2691.6213852028054
2762.9451932619427,2449.761469673229
2176.8922940999596,2629.005093627752
3206.8736582183737,2127.103116981947
2526.6583541912073,2449.761469673228
1875.544452715978,2755.729039415428
2681.8245011044373,2337.107636427903
2310.5787455983595,2957.359633159487
3021.3289930181036,2029.2869325074396
2762.9451932619486,2449.7614696732276
2242.739634064599,2392.7716644511133
1875.544452715977,2029.2869325074396
2452.4750967609207,2337.107636427905
1767.0284010606263,2508.108628773909
2603.0855307097045,2282.738543505189
2603.0855307097045,2821.3635767741093
2310.5787455983627,2629.0050936277526
3021.3289930181018,2127.1031169819466
2932.6220943988756,2691.6213852028045
2526.6583541912014,2755.7290394154265
2452.4750967609166,2691.6213852028054
2380.4698764498285,2077.619445275604
1932.2765260167596,2077.619445275605
1932.2765260167603,3249.3336722327435
2526.6583541912005,2691.621385202806
2310.57874559836,1982.0787987952165
2050.9407303859675,1890.931649473631
1767.028401060627,1982.0787987952165
2176.892294099963,3027.7965043283752
2932.6220943988783,2177.765365338171
2762.945193261946,3249.3336722327476
3021.3289930181036,2177.7653653381717
2846.519650269987,2508.1086287739076
1820.478045844236,2755.7290394154297
2452.4750967609166,2691.621385202804
3112.719126506797,2508.1086287739085
2050.9407303859653,2177.765365338171
2050.940730385969,2127.103116981947
2603.0855307096977,3173.7430911191836
1820.4780458442344,2392.7716644511142
2603.0855307097027,1890.9316494736318
2380.4698764498253,2127.1031169819485
2846.519650269989,2392.7716644511142
2310.5787455983605,2691.621385202807
2050.940730385965,2127.1031169819476
2603.0855307097027,2957.359633159488
2242.7396340646046,1935.968887248076
2242.739634064606,2337.1076364279043
2050.9407303859653,2449.7614696732294
2176.8922940999582,2392.7716644511133
2380.4698764498253,2077.619445275603
2526.6583541912046,2629.0050936277553
2310.5787455983627,2821.3635767741134
2112.9782468432927,2449.7614696732294
2526.658354191203,2629.0050936277526
2050.940730385968,2957.3596331594863
3612.8465365764987,2337.1076364279056
2242.7396340646037,2282.738543505191
2380.469876449826,2282.738543505192
2050.9407303859653,2691.621385202806
2603.0855307097054,1803.9759595604735
2452.475096760912,2449.7614696732294
3112.7191265067927,3249.3336722327476
1522.418139098185,2077.6194452756044
2310.578745598358,2337.1076364279056
2846.519650269987,2755.7290394154315
2603.085530709699,2177.765365338172
1664.7909174497795,2629.005093627752
2681.824501104437,1982.0787987952162
2681.8245011044355,2229.6342610769384
3303.876206561563,2229.634261076937
2762.9451932619513,2821.363576774113
2681.824501104444,2957.359633159489
2380.469876449827,2392.7716644511133
2681.8245011044355,2508.108628773911
2681.8245011044432,2755.729039415429
2242.739634064603,2888.561363796558
2050.9407303859653,2449.7614696732303
3206.873658218369,2282.7385435051897
1875.5444527159768,2282.7385435051915
2176.89229409996,2567.8454705099225
2452.4750967609125,2177.7653653381717
2380.4698764498266,2077.6194452756035
2242.739634064607,2629.005093627752
2603.085530709702,2229.6342610769393
2112.9782468432923,2691.621385202808
2526.658354191206,2508.1086287739095
2380.4698764498307,3173.7430911191827
2380.469876449821,2629.00509362775
2176.8922940999614,2177.765365338171
2050.940730385967,2508.1086287739085
2242.7396340645982,2282.73854350519
2846.519650269981,2029.2869325074405
2526.658354191203,2337.107636427904
2846.519650269985,2629.005093627752
2242.739634064599,2755.7290394154297
2846.51965026999,2691.621385202808
2603.0855307096995,3027.796504328376
1932.2765260167596,2127.1031169819457
2176.8922940999614,2821.363576774111
2452.47509676091,1890.931649473632
2380.4698764498335,2282.738543505191
2846.5196502699787,2821.363576774113
1767.0284010606279,2888.5613637965525
1932.2765260167591,2282.738543505191
2176.8922940999605,1982.0787987952165
2681.824501104444,2691.621385202805
2681.8245011044414,2392.7716644511133
2380.4698764498266,2077.6194452756044
2762.9451932619504,1890.9316494736324
2112.9782468432986,2077.619445275604
2176.892294099961,2392.7716644511156
2112.9782468432923,2508.1086287739104
2846.5196502699837,2888.561363796557
2380.469876449826,2449.7614696732317
2452.475096760921,2127.1031169819466
2380.469876449822,2077.619445275603
3506.772549868168,2392.7716644511142
2762.9451932619486,2567.8454705099225
2310.5787455983586,2567.84547050992
3506.7725498681634,2567.845470509919
3112.719126506789,2888.5613637965575
2762.945193261946,3405.9588477122998
2176.8922940999573,2282.738543505192
2603.0855307097027,2392.7716644511142
2526.6583541912073,2957.3596331594836
2380.469876449826,2691.621385202806
2603.0855307097017,2449.7614696732307
3206.8736582183756,2449.761469673231
3403.8129192616693,1982.0787987952185
2452.475096760917,3099.9110046785245
2603.085530709701,2567.845470509926
2310.578745598361,2392.7716644511142
2526.6583541912046,2508.108628773904
2112.9782468432963,2888.561363796556
2681.824501104446,2755.7290394154297
3206.873658218369,2567.8454705099225
2526.6583541912028,2508.1086287739067
2526.658354191204,2127.103116981947
2603.0855307096936,2508.108628773908
1990.7246493617529,1890.9316494736315
2112.978246843292,2957.3596331594904
2380.469876449828,1762.0093273665066
2681.8245011044455,2392.7716644511133
2846.519650269985,3099.911004678522
2050.9407303859693,2177.7653653381726
3303.876206561566,2629.005093627754
2681.824501104444,2282.7385435051915
2380.469876449824,2229.6342610769393
3112.719126506789,2957.359633159489
2846.5196502699837,2392.7716644511142
2762.9451932619513,2177.7653653381703
2762.945193261946,2337.107636427904
2603.0855307097036,2755.729039415429
2762.945193261942,2392.7716644511147
2380.4698764498294,2957.3596331594904
2310.5787455983586,2567.845470509923
2242.7396340646023,2957.3596331594877
2380.4698764498276,2229.6342610769384
2603.0855307096936,2957.359633159489
1932.27652601676,2691.6213852028072
3021.328993018107,2821.3635767741093
2681.824501104441,2337.1076364279043
2452.475096760918,1982.0787987952144
2526.658354191204,3655.1653171835324
2932.6220943988815,2508.1086287739076
1767.0284010606263,2337.1076364279043
2380.4698764498294,2691.621385202806
2603.085530709702,3027.7965043283793
2050.9407303859693,2567.845470509923
2112.9782468432954,2629.0050936277553
2452.4750967609166,2755.729039415429
2526.658354191208,1935.968887248076
2242.7396340646055,2449.7614696732303
3834.717244002973,2821.363576774111
3021.328993018102,2691.621385202808
2526.658354191207,2229.634261076938
3112.719126506786,3173.743091119185
2242.739634064603,1890.931649473632
3506.7725498681634,2392.7716644511115
2452.475096760921,2029.286932507439
3612.846536576507,2508.1086287739067
2310.5787455983595,2229.6342610769393
2380.4698764498226,2282.738543505192
2242.739634064605,2029.2869325074394
2932.6220943988756,2127.1031169819457
2176.8922940999614,2567.845470509924
2050.94073038597,2755.729039415429
2603.085530709698,2337.1076364279056
3112.719126506797,2691.621385202808
2526.6583541912005,2449.7614696732303
3206.873658218377,3173.7430911191823
2176.8922940999614,2077.6194452756044
2526.658354191204,2755.729039415428
2603.0855307097027,2821.3635767741116
2762.945193261953,2629.0050936277535
2603.0855307097027,2449.7614696732307
2380.4698764498266,2567.8454705099216
1932.27652601676,2392.7716644511147
2452.4750967609207,1935.9688872480756
2603.085530709703,2821.3635767741102
1820.478045844233,2691.621385202807
2762.945193261946,2508.1086287739085
2932.622094398876,2755.729039415429
2452.475096760915,2567.8454705099202
2526.6583541912037,2629.005093627752
2176.8922940999587,2821.363576774113
3021.3289930181018,2392.771664451112
2380.4698764498253,2629.0050936277526
3506.7725498681643,1641.8768338828074
2242.739634064601,2821.3635767741093
2452.475096760913,1982.0787987952185
3021.3289930180977,2077.619445275603
2242.7396340646055,2691.6213852028054
2846.51965026999,2691.621385202806
2603.085530709703,2755.729039415427
2310.5787455983577,2449.7614696732317
1990.7246493617527,2337.1076364279056
1932.276526016759,1890.9316494736318
3206.873658218377,2957.359633159489
3612.8465365765,2337.1076364279056
2310.578745598359,2629.0050936277526
2762.945193261946,2337.1076364279065
2762.945193261943,2567.845470509923
1664.7909174497804,2392.7716644511133
2762.9451932619518,2077.619445275603
2526.658354191207,2821.3635767741093
2932.6220943988787,3027.796504328376
2452.475096760914,2392.7716644511133
2762.9451932619454,2567.8454705099225
2050.9407303859693,2755.729039415428
2603.0855307097045,2449.76146967323
3303.8762065615606,2508.108628773909
2452.475096760913,2337.107636427903
2846.519650269985,2127.103116981947
3021.328993018103,2508.1086287739067
2380.469876449829,2127.103116981947
2762.9451932619477,2629.005093627754
1932.2765260167591,2508.1086287739067
2050.940730385966,3099.9110046785167
2681.8245011044432,2229.634261076938
2681.824501104445,2567.845470509923
2603.0855307097045,2177.76536533817
2603.0855307097027,2449.761469673231
2176.8922940999637,2177.76536533817
1715.1480498666979,2821.3635767741116
3112.719126506788,1982.0787987952167
2526.6583541912064,2567.8454705099202
2380.469876449828,2691.6213852028095
2112.9782468432945,2508.108628773909
1990.7246493617488,2449.7614696732276
2681.824501104435,2629.005093627751
2242.739634064599,2567.845470509923
2932.6220943988765,2177.765365338171
1932.27652601676,2337.1076364279047
1875.5444527159782,2282.7385435051915
2452.47509676091,2029.2869325074403
3303.876206561562,3099.911004678521
3950.7110075522746,2337.1076364279033
2603.085530709698,3099.911004678523
1990.724649361755,2029.2869325074385
2932.622094398879,2392.7716644511147
1875.544452715977,2567.8454705099207
2762.945193261948,2029.2869325074378
2526.658354191201,2282.738543505192
2762.9451932619513,2508.108628773908
2932.6220943988765,2449.7614696732303
2380.469876449826,2888.561363796557
2932.6220943988787,2449.7614696732317
1875.5444527159768,2337.107636427906
1615.9122817640628,2282.7385435051915
3206.8736582183833,2691.6213852028077
2681.824501104437,2392.7716644511156
2380.4698764498253,2392.771664451112
3506.7725498681743,2508.1086287739067
3403.812919261682,2077.619445275604
2176.8922940999605,2177.7653653381703
2526.658354191207,2821.3635767741143
2310.578745598357,2077.619445275603
2846.5196502699914,3173.7430911191855
3206.8736582183665,2821.363576774113
2112.978246843294,3249.333672232746
2603.0855307096977,1935.9688872480754
2380.4698764498276,2029.2869325074385
3021.328993018102,2821.363576774113
2932.6220943988815,2755.729039415427
1715.1480498666992,2957.359633159487
2380.469876449826,2957.359633159485
2242.7396340646014,2957.359633159488
2932.6220943988724,2691.6213852028086
2762.9451932619463,2957.3596331594918
2452.4750967609175,2821.3635767741116
2681.824501104435,2177.76536533817
1767.0284010606267,2392.7716644511142
1990.7246493617522,2029.2869325074398
2932.622094398878,2821.3635767741102
3021.3289930181095,2449.7614696732294
1715.1480498666979,2282.7385435051915
2846.5196502699823,1890.9316494736327
2242.739634064601,2755.729039415426
2932.6220943988737,2567.8454705099234
2762.945193261945,2127.1031169819466
2603.085530709703,2449.7614696732267
2603.085530709693,2508.108628773909
2681.8245011044382,2229.6342610769398
2452.47509676091,2229.634261076938
2603.0855307096936,2282.7385435051915
2310.57874559836,2508.1086287739085
2762.9451932619518,2229.634261076938
2932.622094398881,2229.6342610769384
2310.5787455983605,2567.8454705099216
2310.5787455983627,2337.1076364279043
3206.87365821837,2567.845470509924
2603.0855307096954,2337.1076364279056
2176.8922940999623,1890.931649473633
2932.622094398878,2567.8454705099202
2603.085530709699,1982.0787987952162
3112.7191265067927,2449.761469673233
2846.5196502699823,2127.103116981946
3112.719126506788,2629.005093627751
2526.6583541912064,2821.363576774109
2112.978246843292,2392.7716644511133
3112.719126506788,1846.9421314222234
2176.8922940999623,3099.9110046785213
1990.7246493617506,1982.0787987952176
3112.7191265067863,2177.7653653381717
2526.6583541912064,3249.3336722327454
3021.3289930181004,3326.7246309411644
2242.7396340646037,2567.845470509923
2526.6583541912037,2567.8454705099225
2603.085530709702,2282.7385435051906
3021.328993018104,3027.7965043283766
2846.5196502699823,2127.1031169819457
2846.519650269989,2755.729039415427
3112.719126506785,2755.729039415426
2603.0855307096963,1935.9688872480756
2603.0855307097017,2449.761469673229
2310.57874559836,2127.1031169819453
2603.085530709702,2449.761469673231
2452.4750967609166,2229.634261076941
2050.94073038597,2755.7290394154293
2681.824501104441,2888.561363796556
2846.519650269985,2629.005093627752
2681.824501104441,2449.761469673229
2242.7396340646023,3099.9110046785268
2846.51965026999,2821.3635767741107
2176.8922940999614,2229.6342610769384
1820.478045844234,2567.8454705099216
2846.5196502699823,2282.7385435051915
2112.9782468432945,2755.729039415428
2452.4750967609148,2229.634261076939
3206.87365821837,2821.3635767741107
3021.3289930181013,2127.1031169819457
2762.945193261948,3249.333672232745
3206.8736582183765,2508.108628773909
2380.469876449824,3027.7965043283743
1932.2765260167573,1890.931649473634
2050.9407303859703,2282.738543505193
1568.4687338130623,3487.080224318953
3206.87365821837,2177.76536533817
2452.4750967609148,2392.7716644511115
2681.8245011044432,2508.1086287739067
2176.892294099961,2508.108628773909
2176.892294099963,2629.0050936277516
3303.8762065615647,2629.005093627752
2112.9782468432936,2508.108628773908
2603.0855307097054,2755.729039415429
2380.469876449827,2392.7716644511106
2112.9782468432923,2282.7385435051906
2112.9782468432904,2127.1031169819457
3303.8762065615647,2567.8454705099225
3612.846536576502,2449.7614696732303
2176.892294099961,2029.2869325074403
1820.4780458442342,1935.9688872480756
2603.085530709702,2957.359633159489
2762.9451932619477,1803.975959560473
2762.9451932619486,2392.7716644511147
2310.5787455983595,2691.6213852028072
2762.9451932619395,2755.7290394154297
2242.7396340646014,2888.561363796559
3612.84653657651,1935.9688872480756
2603.085530709693,3249.3336722327444
3021.3289930181013,2282.738543505193
2452.4750967609125,2567.8454705099216
2242.739634064603,2282.7385435051906
2762.9451932619486,2337.1076364279047
2681.8245011044464,2337.1076364279047
2526.6583541912037,2567.845470509924
1664.7909174497786,2177.7653653381703
1875.5444527159773,2282.738543505192
2932.6220943988765,2337.1076364279015
2242.7396340645996,2229.6342610769393
2176.8922940999596,2337.1076364279043
3021.3289930180968,2957.359633159489
2762.945193261948,2229.634261076939
2932.622094398876,2127.1031169819466
2762.945193261947,2567.845470509921
2452.4750967609207,2177.7653653381703
2603.0855307096936,2077.619445275604
2681.8245011044382,2821.3635767741102
1715.1480498666988,2691.6213852028045
2380.469876449826,2755.7290394154275
2242.7396340646037,2282.73854350519
2242.7396340646,2127.103116981947
3403.8129192616766,2691.6213852028054
2526.658354191204,2755.7290394154293
2112.9782468432945,2567.845470509923
2310.578745598364,2282.7385435051933
2050.9407303859693,2177.765365338171
2310.5787455983595,2177.765365338171
2112.978246843293,2077.6194452756026
2681.824501104444,2337.1076364279043
3834.717244002976,2957.359633159488
2846.5196502699796,2629.0050936277544
2932.622094398881,2508.1086287739104
3403.812919261677,2629.0050936277494
3303.876206561562,2821.3635767741107
2846.5196502699896,1982.0787987952172
1820.4780458442349,2029.2869325074394
2112.978246843294,2629.005093627754
2310.5787455983636,2508.108628773909
2681.824501104435,1935.9688872480756
2681.8245011044373,2508.108628773909
3303.8762065615674,2337.107636427905
2242.7396340645996,2282.738543505191
2681.824501104443,2691.621385202808
1932.2765260167587,2691.6213852028054
1932.2765260167582,2177.765365338171
2681.8245011044405,2127.1031169819457
2681.8245011044382,2629.0050936277485
2526.6583541912073,2337.107636427905
2526.6583541912037,2392.7716644511142
3021.328993018104,2282.738543505192
3612.8465365765064,1935.9688872480751
2846.519650269987,3027.796504328377
2242.739634064602,2567.845470509921
2762.945193261948,2177.7653653381726
3206.8736582183765,2127.1031169819466
3206.873658218366,3027.796504328375
2050.9407303859666,2629.0050936277516
3021.3289930180977,2282.7385435051906
2603.085530709705,1890.9316494736313
3021.3289930181018,2691.6213852028077
2452.475096760914,2567.84547050992
3021.3289930181018,2337.107636427905
2176.8922940999623,3173.7430911191855
2310.578745598359,2337.107636427906
2603.085530709705,2691.6213852028077
1990.7246493617497,2077.619445275604
2310.578745598365,2029.2869325074391
2050.940730385965,2127.1031169819476
2242.7396340646,2691.621385202804
2112.9782468432977,3173.7430911191877
2846.5196502699896,2567.845470509921
2526.6583541912046,2229.634261076938
2242.739634064601,1982.0787987952176
2846.519650269982,2888.5613637965566
2846.5196502699782,2629.005093627752
2681.824501104446,2177.76536533817
2176.8922940999623,2567.845470509923
2526.658354191208,2282.7385435051915
3112.719126506797,1982.0787987952176
2603.085530709694,2029.2869325074391
2112.978246843293,2229.6342610769384
2310.5787455983636,2127.1031169819453
2050.940730385966,2567.8454705099216
2310.5787455983605,2337.107636427906
2310.5787455983614,2282.7385435051915
3021.328993018107,2755.729039415429
2603.085530709694,2282.7385435051906
1990.724649361751,2229.6342610769393
2762.9451932619504,2508.1086287739104
2603.085530709694,2567.845470509923
1767.0284010606256,2177.7653653381717
2176.8922940999623,2508.1086287739085
2681.8245011044423,2449.761469673231
3950.7110075522796,1982.078798795218
1990.7246493617522,2392.771664451113
1990.7246493617533,3099.911004678521
2050.9407303859657,2337.107636427907
2380.469876449828,2392.771664451112
2681.8245011044432,2282.738543505193
3722.1290834341453,2449.7614696732294
2603.0855307097004,2177.7653653381713
1990.724649361751,2691.6213852028072
3722.1290834341503,2508.1086287739113
2176.89229409996,2229.6342610769393
2050.9407303859675,2567.845470509921
2310.578745598359,2508.1086287739067
2932.6220943988765,2337.107636427903
1522.4181390981855,2821.3635767741107
2932.6220943988733,2282.7385435051915
1990.7246493617522,2229.634261076938
3612.8465365765096,2508.108628773906
2526.658354191208,2508.1086287739063
2380.4698764498253,2888.561363796555
2526.658354191209,1890.931649473632
2310.5787455983614,3326.724630941164
2762.945193261946,2127.1031169819466
2176.8922940999605,3173.743091119184
2380.4698764498257,2508.1086287739076
3206.8736582183683,2691.6213852028072
1875.544452715978,2691.621385202807
2762.945193261942,2392.7716644511124
2846.5196502699923,2127.1031169819466
2526.6583541912005,2127.103116981947
2112.978246843295,2508.108628773908
3021.328993018102,3173.7430911191827
2932.6220943988765,2888.561363796556
2380.4698764498253,2449.7614696732303
2112.9782468432936,2691.621385202807
1522.418139098185,3027.7965043283775
2310.57874559836,2567.845470509923
2762.945193261949,2392.771664451113
3021.328993018112,2282.7385435051915
3021.3289930181013,2282.7385435051924
1990.7246493617527,1890.9316494736331
2310.5787455983614,2337.1076364279047
2176.89229409996,3405.9588477123
3206.873658218375,2229.6342610769375
2310.578745598361,2392.771664451114
2603.085530709701,2508.108628773909
2452.4750967609175,3027.7965043283743
2603.0855307097027,2755.729039415428
1875.5444527159782,2691.621385202806
2932.6220943988815,1890.931649473632
2526.658354191207,3027.7965043283766
2846.519650269982,2567.845470509923
2681.8245011044364,2177.765365338171
2526.65835419121,2629.005093627752
2310.5787455983573,2691.621385202805
2176.8922940999632,2629.005093627754
2932.622094398876,2691.6213852028072
2380.469876449824,1935.9688872480751
2380.469876449824,2337.1076364279056
3206.8736582183815,3249.333672232743
1664.7909174497788,2029.2869325074378
2526.658354191202,2821.363576774109
2526.6583541912073,2567.8454705099216
2846.519650269993,2337.1076364279043
2932.622094398882,2127.103116981946
2176.892294099963,2282.7385435051933
1932.2765260167585,1935.9688872480763
2932.622094398881,2567.845470509923
1715.148049866698,2449.761469673228
2681.8245011044373,2567.8454705099225
2176.892294099961,2029.2869325074394
2380.4698764498253,2449.7614696732303
2452.4750967609166,2282.738543505192
2681.8245011044437,2567.845470509921
2762.9451932619445,2449.7614696732294
2762.9451932619486,2127.103116981948
2681.824501104446,2691.621385202807
2380.4698764498285,2177.7653653381703
2846.5196502699846,2337.1076364279015
2380.469876449822,1803.9759595604733
2526.6583541912073,2567.84547050992
2603.0855307097004,2508.108628773908
2846.519650269978,2077.6194452756054
2603.085530709697,1982.078798795218
3112.7191265067913,3027.796504328374
3112.719126506788,3173.7430911191877
1820.4780458442344,2177.765365338171
1875.5444527159768,2127.1031169819453
2452.4750967609143,2449.7614696732307
2526.658354191202,2755.7290394154265
2846.5196502699837,2629.0050936277494
2380.469876449824,2449.7614696732317
3950.7110075522783,2077.619445275604
2050.9407303859675,2337.1076364279043
2681.8245011044346,2392.7716644511142
2932.622094398881,2392.7716644511156
2526.6583541911987,2229.6342610769398
3206.8736582183697,2177.76536533817
2681.824501104443,1803.9759595604746
1664.7909174497786,2282.7385435051933
2050.9407303859693,2449.761469673231
3021.3289930181013,3249.3336722327463
2380.469876449823,2392.771664451114
2176.8922940999605,1982.0787987952165
2310.57874559836,2567.8454705099225
2846.5196502699864,2029.2869325074403
2681.824501104443,2755.7290394154297
2452.4750967609166,2567.8454705099207
2932.6220943988747,1680.9822121150223
3206.8736582183756,3326.7246309411616
3612.846536576504,2229.6342610769407
2526.658354191209,2508.1086287739095
2242.7396340646023,2177.765365338172
3206.873658218377,2821.3635767741102
2380.4698764498303,2337.1076364279056
1820.4780458442335,2567.8454705099207
3021.328993018102,2755.729039415427
2846.5196502699896,3099.9110046785236
2603.0855307097036,1890.9316494736338
2112.9782468432945,2629.0050936277544
2380.4698764498285,2337.107636427905
2846.5196502699914,2755.729039415428
2452.475096760912,2755.7290394154293
2452.475096760911,2229.6342610769398
3021.3289930180995,2629.005093627751
2846.5196502699814,2029.2869325074385
1990.7246493617515,2282.7385435051906
2603.085530709695,2755.729039415429
2380.4698764498253,1762.0093273665052
2112.978246843293,2392.7716644511142
2452.4750967609098,2629.0050936277526
2380.469876449826,2282.738543505193
3506.772549868171,2392.771664451112
1932.276526016759,2629.0050936277535
2452.4750967609143,1935.9688872480756
2603.085530709705,2449.761469673229
2380.4698764498257,2821.363576774111
3112.7191265067936,2755.7290394154275
2380.469876449827,2029.2869325074394
2846.5196502699887,2755.7290394154275
2050.940730385968,2691.6213852028072
3303.876206561563,2449.7614696732294
2681.824501104444,2282.738543505192
3206.8736582183683,2821.3635767741143
1715.1480498666979,1982.0787987952176
3303.876206561563,2629.005093627755
2762.945193261949,1982.078798795217
1820.4780458442335,2755.729039415429
2526.6583541912055,2392.7716644511142
2681.824501104448,2029.286932507441
3021.3289930181013,2449.7614696732294
2310.5787455983573,2229.634261076939
3403.8129192616766,2077.619445275602
2846.519650269985,2691.621385202805
1990.7246493617529,2282.7385435051906
2452.4750967609148,1680.982212115022
2762.945193261945,2337.1076364279047
2242.7396340646014,2392.7716644511142
2380.4698764498253,2508.1086287739095
2762.945193261947,2888.561363796556
3206.87365821837,2077.6194452756044
2176.8922940999637,2337.107636427906
2050.9407303859693,2392.7716644511133
2050.940730385969,2392.771664451115
1820.4780458442333,2177.765365338171
2681.824501104435,2508.108628773906
2176.8922940999614,1846.9421314222222
3506.7725498681707,1982.0787987952162
1615.9122817640637,2282.7385435051915
3112.7191265067904,2691.621385202807
2846.5196502699905,2629.0050936277516
2762.9451932619395,1982.0787987952165
2932.622094398873,2957.359633159488
3021.3289930181086,2127.103116981947
2050.9407303859684,2629.005093627752
1767.0284010606272,2392.7716644511142
2242.739634064601,2691.621385202807
2603.085530709698,2508.108628773908
2526.6583541912,2177.7653653381717
3021.3289930181045,2629.005093627752
2380.469876449829,2282.738543505189
2932.62209439888,2392.771664451114
2452.475096760913,2755.729039415425
2050.9407303859653,2127.103116981948
2176.892294099959,2755.7290394154265
2932.6220943988815,3570.133708163772
3506.7725498681684,1890.9316494736333
1990.7246493617515,2755.729039415429
1990.724649361751,1982.0787987952156
2526.658354191206,2629.005093627752
2932.622094398883,2177.765365338169
2242.7396340646023,2508.1086287739076
1990.7246493617522,2629.005093627752
2932.6220943988765,2629.005093627755
2932.6220943988774,2821.3635767741084
2762.9451932619395,3099.9110046785213
2380.469876449825,2392.771664451113
2380.4698764498216,2282.7385435051915
2380.469876449822,2029.286932507439
2242.7396340645982,1846.942131422223
2603.0855307097017,2821.3635767741116
2526.6583541912064,2029.2869325074375
2310.578745598359,3249.333672232741
2112.978246843291,2691.6213852028045
2176.892294099959,2449.7614696732307
2762.945193261943,2629.005093627751
2242.7396340646005,2691.6213852028054
1932.27652601676,2821.3635767741134
2681.8245011044355,2888.561363796554
2681.824501104445,2449.7614696732303
2452.4750967609143,2691.621385202807
3950.7110075522774,2449.7614696732303
2310.5787455983614,2229.634261076938
3403.812919261675,2337.1076364279043
3021.328993018105,2337.1076364279033
2681.8245011044414,3099.911004678523
2681.824501104445,2282.7385435051906
2932.622094398881,2282.738543505191
2380.4698764498235,2392.7716644511142
3206.8736582183665,2755.7290394154247
3112.7191265067954,2821.3635767741116
2526.658354191206,2337.1076364279043
2846.519650269984,2392.7716644511133
2681.8245011044382,2449.7614696732294
2932.622094398879,2229.6342610769393
1990.7246493617547,2508.1086287739085
2050.9407303859666,2449.761469673229
2380.469876449828,2629.0050936277544
2112.978246843296,2957.359633159487
2603.085530709694,2691.621385202806
3403.812919261672,2888.5613637965535
1820.4780458442349,2337.107636427905
2762.9451932619477,1982.078798795217
2242.7396340646023,1982.0787987952153
2603.0855307097036,3249.333672232742
2762.94519326195,2508.1086287739085
2242.7396340646037,2282.7385435051915
2380.4698764498294,3099.911004678521
3403.8129192616766,2127.1031169819466
2176.8922940999637,1982.0787987952178
2681.8245011044396,2337.1076364279056
3112.7191265067972,2821.3635767741116
2932.6220943988756,2282.7385435051906
2681.8245011044423,2337.1076364279043
2681.824501104441,2567.8454705099234
2050.940730385969,2691.6213852028022
2603.085530709701,2755.729039415429
2681.8245011044346,2127.1031169819457
2112.978246843296,2691.6213852028054
3112.719126506788,2508.1086287739085
2846.5196502699873,2957.3596331594886
2452.4750967609166,2449.7614696732303
1932.2765260167575,2629.005093627751
1522.4181390981842,2821.3635767741093
2762.9451932619427,2229.63426107694
2310.57874559836,2229.6342610769384
3206.873658218369,2821.3635767741084
2603.0855307096936,2567.8454705099252
2603.085530709693,2567.8454705099225
3206.8736582183724,2077.6194452756026
3506.772549868172,2392.771664451113
1615.9122817640643,2392.7716644511142
2242.739634064599,2957.3596331594904
2526.658354191208,2177.7653653381713
1990.7246493617542,2229.634261076937
2310.578745598365,2177.765365338169
3206.8736582183697,2029.286932507439
2603.085530709693,2029.2869325074396
2452.4750967609157,2127.103116981946
2526.6583541912,2229.634261076938
2603.085530709694,2282.738543505192
1615.9122817640616,2177.7653653381717
3112.71912650679,1846.942131422222
2242.7396340646014,2755.7290394154293
2176.8922940999596,3249.3336722327426
2846.519650269985,2229.6342610769398
2380.4698764498266,2229.6342610769398
1990.724649361751,2567.8454705099225
2603.085530709697,1803.975959560473
3612.8465365765032,2282.7385435051906
3206.8736582183724,2282.7385435051915
2452.475096760913,2691.6213852028054
2176.8922940999614,1982.078798795215
2603.0855307097036,2077.619445275604
2603.085530709693,2029.2869325074394
2310.578745598362,2567.8454705099216
2762.9451932619427,2691.6213852028077
1875.5444527159777,2888.5613637965566
3506.7725498681684,2029.2869325074405
2242.7396340646046,2821.363576774111
2526.6583541912064,3027.796504328378
2762.9451932619477,2229.6342610769398
2176.89229409996,1982.0787987952167
2112.9782468432927,2282.7385435051906
2932.622094398881,2229.6342610769393
2452.47509676091,2392.7716644511142
2681.8245011044464,2029.286932507439
2176.8922940999623,2508.1086287739076
2846.5196502699914,2888.561363796558
3303.876206561567,2392.771664451112
2526.658354191206,2567.8454705099216
2176.8922940999614,2177.7653653381694
2112.9782468432913,2177.765365338169
2310.578745598358,3173.7430911191814
2603.085530709693,2392.7716644511147
2603.0855307097017,2691.621385202806
2242.7396340646023,2957.359633159487
2681.824501104435,3099.911004678518
2242.7396340646,2177.7653653381713
2846.5196502699887,2629.0050936277526
2526.658354191206,2229.6342610769398
3112.719126506789,2282.738543505191
2681.824501104443,2755.729039415426
2526.6583541912028,2508.108628773904
2242.739634064604,2508.108628773905
1715.148049866698,2177.7653653381703
1820.4780458442333,2629.0050936277535
2846.519650269989,1982.0787987952158
2242.7396340645987,2392.771664451113
2380.469876449828,2957.359633159489
1715.1480498666974,2282.7385435051915
1990.7246493617506,1982.0787987952167
2762.9451932619395,2337.107636427905
2603.085530709694,2392.771664451112
2380.469876449822,2077.6194452756044
2762.945193261951,2337.1076364279056
2681.8245011044346,2888.561363796555
2603.085530709699,2077.619445275604
2112.9782468432954,2127.103116981946
1875.5444527159784,2508.108628773908
2681.8245011044432,1890.9316494736327
1990.7246493617522,2229.6342610769393
2846.519650269989,1982.0787987952162
2050.940730385969,2567.8454705099234
3112.719126506788,1846.9421314222222
2603.0855307097017,2282.73854350519
2112.978246843295,2629.005093627752
2603.085530709702,2821.3635767741134
3303.8762065615624,1982.0787987952183
2681.8245011044423,2449.761469673229
2603.085530709703,2392.7716644511142
3206.8736582183765,2629.0050936277544
3506.772549868163,3249.3336722327476
2681.8245011044437,2629.00509362775
2176.8922940999614,2282.7385435051897
2242.7396340646037,2691.621385202806
2310.578745598356,2691.6213852028086
1875.5444527159768,2392.7716644511124
2603.085530709699,2282.7385435051924
2526.6583541912,2508.108628773912
2681.8245011044355,2821.363576774108
2603.085530709698,2282.7385435051933
2846.519650269993,2337.107636427907
2176.892294099961,2508.1086287739063
3112.719126506789,2629.005093627752
2681.824501104445,2177.7653653381713
2932.6220943988783,2337.107636427904
2846.519650269989,2755.729039415427
2846.5196502699787,2392.7716644511133
3021.328993018102,1982.0787987952167
2762.9451932619395,2567.845470509924
2932.6220943988787,3027.796504328379
3112.7191265067945,2392.7716644511133
2681.8245011044455,2567.8454705099225
2762.9451932619486,3099.9110046785204
3303.8762065615606,1803.9759595604728
2932.622094398882,2957.359633159487
2681.824501104446,2508.1086287739076
2846.519650269989,2508.1086287739076
1875.5444527159773,2691.621385202805
2452.475096760914,2229.634261076938
4070.2133878590157,2337.107636427904
2380.469876449826,2282.7385435051906
2681.824501104435,2077.619445275603
2526.658354191199,2392.771664451113
1664.790917449783,2392.7716644511133
2603.0855307096995,2282.738543505192
2176.8922940999623,2508.1086287739085
3722.1290834341507,2392.771664451112
1990.7246493617524,2127.1031169819466
2452.475096760918,2177.76536533817
3303.8762065615633,2449.7614696732307
2380.4698764498235,1890.931649473631
2176.8922940999637,2282.738543505192
1990.7246493617522,2392.771664451113
2176.8922940999573,2755.729039415426
2380.469876449829,2449.7614696732307
2932.6220943988765,2449.761469673231
2380.4698764498253,2229.6342610769384
2242.7396340646014,3027.796504328378
2452.4750967609175,2229.6342610769384
2681.8245011044346,2127.1031169819457
1820.4780458442335,2508.108628773908
1715.1480498666983,2282.7385435051915
2681.824501104446,2957.359633159485
2932.622094398873,2229.634261076938
1990.724649361754,2449.7614696732294
2380.4698764498257,3173.7430911191836
2603.0855307097045,3249.3336722327485
2310.578745598356,2449.7614696732294
2762.9451932619463,3249.333672232745
2380.469876449826,2755.729039415429
1932.2765260167598,2755.729039415426
2603.0855307097017,2229.6342610769398
2452.47509676091,2691.6213852028072
2762.945193261945,2392.7716644511142
2603.0855307097054,2077.619445275604
1767.0284010606254,2282.7385435051915
2762.9451932619445,2177.7653653381717
2526.6583541912073,2821.3635767741102
3112.719126506789,2337.1076364279056
2603.0855307097,2629.005093627751
2112.9782468432973,2957.359633159486
2603.0855307097017,2508.1086287739067
2603.085530709701,2629.0050936277544
2176.8922940999637,2755.7290394154275
2452.4750967609148,3027.7965043283766
2176.8922940999614,2229.6342610769393
2603.0855307097017,3487.0802243189537
2762.9451932619486,2282.738543505192
2380.469876449826,2691.6213852028045
2176.8922940999605,2177.76536533817
2112.9782468432954,2508.108628773906
1932.2765260167591,2177.7653653381717
2452.4750967609184,3173.743091119186
2380.4698764498294,2392.771664451113
1932.2765260167585,2691.621385202807
1932.2765260167603,2449.7614696732294
3403.812919261667,2029.2869325074394
3112.7191265067872,2755.729039415427
2932.622094398882,2508.108628773908
2846.5196502699805,3249.3336722327485
3206.873658218369,2957.359633159491
3112.7191265067954,2449.761469673229
2242.7396340645996,2629.005093627752
2050.9407303859675,2177.76536533817
3612.846536576503,2282.7385435051915
2762.945193261943,2337.1076364279056
2526.6583541912014,2282.7385435051906
3834.7172440029735,2337.107636427904
2932.62209439888,2508.1086287739063
2762.9451932619463,2508.1086287739095
2526.658354191199,2449.7614696732285
2380.4698764498307,2755.7290394154275
2380.4698764498266,2629.005093627752
1715.148049866698,2282.73854350519
2526.658354191201,2337.1076364279047
2452.4750967609184,2127.103116981947
2310.5787455983614,2229.6342610769384
2932.6220943988756,1982.078798795217
2681.8245011044455,3173.743091119186
2452.4750967609093,2029.2869325074398
3403.8129192616675,2449.7614696732294
2603.0855307096936,2629.0050936277516
1715.1480498666992,2691.621385202807
2603.085530709699,2629.005093627751
2526.658354191199,2567.8454705099216
3021.328993018102,2449.761469673231
2762.9451932619463,3326.7246309411616
2846.5196502699864,2392.7716644511133
1990.7246493617533,2392.7716644511133
2452.4750967609125,2508.1086287739063
1875.5444527159787,2888.561363796557
3206.8736582183665,2177.7653653381713
2242.739634064608,1803.9759595604737
2050.9407303859657,3173.7430911191823
2452.475096760911,2282.7385435051915
2603.0855307096936,2337.1076364279056
2452.4750967609184,2567.8454705099207
2762.9451932619513,2077.6194452756017
1990.72464936175,2282.738543505191
1990.724649361754,2629.005093627752
2526.658354191203,2691.621385202803
2526.6583541912064,2888.5613637965575
2452.4750967609184,2337.107636427903
2050.9407303859693,2392.7716644511133
2380.4698764498253,2821.3635767741084
1932.27652601676,2567.8454705099207
3206.873658218374,2449.761469673229
2526.658354191203,2077.6194452756026
2762.945193261947,1846.9421314222238
2112.978246843291,2508.1086287739067
2112.978246843294,2392.771664451113
2050.9407303859666,2567.84547050992
2112.9782468432954,2691.6213852028027
2932.622094398871,2392.7716644511142
3303.8762065615633,2337.1076364279056
1767.028401060626,2629.005093627754
2176.8922940999637,2029.2869325074385
2681.8245011044382,2392.7716644511156
2242.7396340646,2177.765365338172
2242.739634064602,2282.738543505192
3206.87365821837,2755.729039415423
2932.6220943988737,2392.7716644511133
2603.0855307096936,2392.7716644511133
2681.824501104444,1982.0787987952158
2242.7396340646023,2449.7614696732317
2762.9451932619518,3027.7965043283752
2380.469876449826,3655.165317183529
2242.7396340646046,2449.7614696732294
2176.8922940999637,2449.7614696732303
2526.6583541911987,2888.561363796558
3021.328993018107,2282.7385435051906
2242.739634064604,2508.1086287739067
3722.1290834341485,1982.0787987952172
2762.945193261949,2691.621385202806
1820.4780458442335,3027.7965043283743
3112.719126506796,1935.9688872480774
2242.7396340646023,1680.9822121150219
2846.5196502699846,3173.743091119184
2176.892294099965,2229.6342610769384
2526.658354191201,2508.1086287739076
3206.8736582183724,2508.1086287739085
2176.89229409996,2957.35963315949
2452.475096760911,2229.6342610769384
3303.8762065615656,2567.845470509924
1875.5444527159793,2567.845470509924
2050.9407303859693,2691.6213852028077
2603.0855307097004,2888.5613637965566
2932.622094398876,2127.103116981947
3206.873658218373,2449.7614696732307
3206.873658218375,2629.0050936277535
3112.7191265067886,2449.7614696732294
3021.328993018107,2177.765365338173
2242.7396340645982,2449.761469673231
2242.7396340645996,2029.2869325074391
2242.7396340646037,3099.911004678519
2050.9407303859684,2508.1086287739076
1875.5444527159784,2888.5613637965553
2310.5787455983573,2177.76536533817
3834.7172440029763,2691.6213852028045
2932.622094398873,2957.359633159488
2526.6583541912064,2229.634261076938
1875.5444527159782,2229.634261076939
1615.9122817640634,1982.0787987952176
2452.475096760915,1982.078798795215
1875.5444527159768,2691.621385202808
2526.658354191206,2691.6213852028054
2846.519650269988,2567.845470509921
2681.824501104441,2177.7653653381717
2050.9407303859675,2337.107636427905
2846.5196502699864,2282.7385435051915
1932.2765260167575,2229.6342610769384
2452.4750967609125,1846.9421314222236
2603.085530709693,2691.6213852028077
1820.4780458442353,2629.005093627754
2380.4698764498253,3326.724630941159
1715.1480498666974,2567.8454705099225
3403.812919261673,1846.942131422222
2242.7396340646033,2029.2869325074394
2452.475096760911,2629.00509362775
3206.87365821837,2177.76536533817
2050.9407303859675,1982.0787987952167
3506.7725498681652,2691.6213852028045
2380.469876449828,2392.7716644511147
3403.81291926167,2029.2869325074394
2762.9451932619486,2567.8454705099216
2762.9451932619486,2077.6194452756035
2846.5196502699846,2282.73854350519
2310.578745598358,2508.108628773909
3021.328993018105,2337.1076364279056
2380.4698764498266,2567.845470509923
2526.658354191206,2127.1031169819485
2452.47509676091,2508.108628773908
2526.6583541912046,2888.5613637965575
2380.4698764498266,2691.6213852028086
3112.719126506789,2392.7716644511147
2846.5196502699873,3326.724630941163
2452.4750967609098,2337.1076364279056
2846.5196502699837,2337.1076364279043
2762.945193261946,2392.771664451114
2242.739634064605,2957.359633159486
2932.622094398882,2337.1076364279043
2452.4750967609175,2177.76536533817
2932.6220943988806,2449.7614696732285
2526.658354191203,2229.6342610769393
2242.7396340646037,2888.561363796559
2762.9451932619518,2127.103116981946
2112.978246843294,2629.005093627751
2452.4750967609148,2282.7385435051924
2176.8922940999596,2508.1086287739113
2242.739634064603,3173.743091119188
2452.4750967609148,2392.7716644511133
2681.8245011044432,2508.1086287739076
2452.4750967609143,2755.729039415428
2932.622094398881,1935.9688872480751
2112.9782468432923,2567.845470509921
1715.148049866698,2177.76536533817
2846.5196502699887,2029.2869325074405
2050.940730385965,2392.771664451113
2526.6583541912064,2229.6342610769407
2526.658354191211,1890.9316494736318
2762.945193261948,2508.1086287739076
2452.475096760912,2449.761469673232
2452.4750967609143,2567.84547050992
2452.475096760917,2508.1086287739063
2380.4698764498285,2392.7716644511106
2526.658354191206,2337.1076364279047
2050.9407303859653,2337.107636427905
2176.8922940999637,2282.7385435051906
2050.9407303859675,1762.0093273665045
3206.87365821837,2755.7290394154293
2176.89229409996,2077.619445275604
1990.7246493617506,1935.9688872480763
2050.940730385969,2177.765365338171
3021.3289930181018,1680.9822121150223
2681.8245011044414,1890.9316494736315
3834.717244002978,2127.1031169819485
2603.085530709694,2449.7614696732307
2681.824501104443,2629.0050936277535
2681.824501104443,1982.078798795215
1932.2765260167603,2755.7290394154275
2603.085530709694,2449.7614696732294
1932.2765260167569,2821.3635767741107
2681.824501104443,1935.9688872480763
3021.328993018107,2629.0050936277535
2762.9451932619513,1982.0787987952183
2762.9451932619486,2229.634261076939
2846.5196502699923,2755.729039415426
2681.824501104446,1982.0787987952167
2603.0855307097004,2282.738543505192
2380.4698764498266,2888.561363796557
2310.578745598363,2282.7385435051906
2846.5196502699837,2449.761469673228
1932.276526016759,1982.0787987952165
1820.4780458442358,2127.1031169819476
2176.892294099964,2229.634261076939
2242.7396340646,2755.7290394154306
2380.469876449825,2629.00509362775
2112.9782468432973,2691.621385202806
3021.3289930181018,1982.0787987952165
3303.876206561567,1982.0787987952158
2526.658354191208,2567.845470509923
2176.892294099961,2077.619445275606
2846.519650269989,2337.1076364279033
1767.0284010606267,2755.729039415428
2932.622094398871,2691.6213852028072
2050.940730385969,2888.5613637965594
2762.94519326195,2229.6342610769393
2176.89229409996,2567.845470509921
3403.8129192616684,3099.911004678521
2380.469876449827,2449.761469673229
2526.6583541912064,2127.103116981948
2526.658354191207,2567.8454705099225
2112.978246843295,1846.9421314222225
2681.8245011044423,2282.7385435051906
4070.2133878590143,2177.7653653381713
2242.739634064602,2629.0050936277544
2526.658354191209,2755.729039415429
2310.5787455983595,2282.738543505193
2526.6583541912064,3173.743091119186
2310.57874559836,2888.561363796557
2112.978246843293,2177.7653653381703
2380.4698764498253,2957.3596331594877
2526.6583541912014,2567.845470509921
2176.892294099964,2127.1031169819466
1767.0284010606274,2567.8454705099207
2050.940730385969,2337.1076364279056
2603.085530709698,3027.7965043283743
3206.873658218366,2449.76146967323
3303.876206561562,1935.9688872480754
2526.658354191204,2449.7614696732294
2681.8245011044364,2957.3596331594886
2603.085530709701,3099.911004678524
2380.4698764498294,2337.107636427902
1715.1480498666983,2508.1086287739063
2932.6220943988806,1982.0787987952153
2681.824501104441,2229.6342610769375
1875.544452715978,2392.771664451112
1875.544452715977,2177.765365338171
2380.469876449823,2282.73854350519
1990.7246493617536,2957.3596331594913
1990.724649361752,2029.2869325074416
2526.658354191203,3027.796504328374
3206.8736582183687,2508.108628773909
2452.475096760913,2127.1031169819457
3206.8736582183674,2508.108628773909
1932.2765260167585,2508.108628773909
2846.519650269986,2691.6213852028077
2846.519650269987,2508.1086287739095
1875.5444527159782,2508.1086287739067
2932.622094398875,2282.7385435051924
2310.5787455983636,2029.2869325074403
2050.940730385969,2755.7290394154247
3206.873658218378,1935.9688872480747
2242.7396340646023,2229.6342610769398
1664.7909174497795,2449.761469673228
2846.519650269984,2691.6213852028054
2932.6220943988737,2337.107636427904
2050.9407303859675,2282.7385435051924
2932.6220943988774,2449.761469673229
2050.9407303859675,2449.7614696732294
3506.7725498681743,2449.761469673228
2176.8922940999614,2508.1086287739063
2526.658354191199,2077.619445275603
1875.5444527159757,2229.6342610769384
2762.9451932619486,2127.1031169819457
2526.658354191207,2449.7614696732303
2526.6583541911987,3249.333672232746
3403.8129192616752,2755.729039415427
1932.2765260167569,2229.6342610769384
1932.2765260167573,2337.107636427905
2452.475096760917,2449.761469673229
2176.8922940999637,2508.108628773908
2526.6583541912014,1982.078798795218
3112.719126506788,2449.7614696732307
2681.824501104438,2392.7716644511147
2932.6220943988806,2337.107636427903
2526.6583541912046,1803.9759595604721
2603.0855307097045,2177.76536533817
2603.0855307097045,2449.7614696732303
2681.8245011044423,3027.796504328375
2310.5787455983573,2508.1086287739076
2846.519650269985,2821.3635767741093
3506.7725498681716,2127.1031169819466
2762.9451932619486,2392.771664451112
2932.6220943988756,2282.73854350519
2681.8245011044423,2282.738543505192
1664.7909174497788,2392.7716644511133
2603.085530709705,2755.729039415427
2603.0855307096995,1803.9759595604735
2681.8245011044346,2888.5613637965566
2681.824501104445,2821.3635767741107
2526.658354191203,2629.005093627751
2681.824501104445,2567.8454705099207
2846.5196502699864,2029.286932507438
2242.7396340646037,2821.3635767741102
2310.5787455983577,2629.0050936277516
2603.0855307097027,2449.761469673231
2380.4698764498266,1890.9316494736313
2380.4698764498257,2508.1086287739085
2050.9407303859707,2888.5613637965575
3112.7191265067972,2888.561363796559
2681.8245011044373,2629.0050936277516
2526.6583541912073,2077.6194452756026
2762.945193261946,2077.619445275603
2176.892294099961,2629.0050936277507
2310.5787455983595,1982.0787987952158
2310.57874559836,2755.729039415428
1875.5444527159755,2077.6194452756044
2603.085530709701,2567.8454705099225
2310.578745598359,2392.7716644511147
3021.328993018109,2629.005093627752
2452.4750967609125,2755.7290394154293
1990.7246493617522,1846.942131422222
2681.8245011044437,2127.1031169819476
1990.724649361751,2229.634261076939
2846.5196502699837,2691.621385202806
2242.7396340646033,2127.1031169819457
2526.658354191211,2508.1086287739076
1615.9122817640628,2508.1086287739067
2603.0855307097017,2337.107636427906
2762.9451932619513,2449.7614696732307
2310.5787455983627,2567.845470509924
2526.658354191204,2567.845470509921
2681.824501104444,2449.761469673233
1767.0284010606274,3249.3336722327444
3206.87365821837,2821.3635767741116
1767.0284010606263,2691.6213852028045
2846.5196502699846,2888.561363796558
1615.9122817640623,2629.0050936277507
3403.8129192616725,2282.7385435051888
1990.7246493617536,2229.634261076939
2310.578745598358,2229.6342610769384
2846.519650269988,2127.103116981947
2452.4750967609157,2177.76536533817
2112.9782468432927,2337.1076364279043
1932.2765260167578,2077.6194452756026
3834.717244002982,2567.8454705099216
2112.9782468432954,2077.6194452756044
2681.824501104445,2821.363576774113
2603.0855307096936,2691.6213852028077
1932.2765260167596,2229.6342610769384
3403.812919261673,2282.7385435051924
2380.4698764498276,2077.6194452756054
2050.9407303859666,1935.9688872480763
2681.8245011044464,2449.761469673231
2681.8245011044346,2337.1076364279043
3021.3289930181018,2508.108628773908
2452.475096760915,1890.9316494736315
1767.0284010606263,2755.729039415429
3021.3289930181013,2508.108628773908
2603.085530709703,2282.738543505192
2526.6583541911987,2229.6342610769398
2526.658354191204,1935.968887248076
2242.7396340645987,2282.738543505191
2762.945193261939,2077.619445275604
2310.5787455983614,3027.7965043283775
2603.085530709701,2077.619445275605
1875.544452715978,2449.7614696732285
2846.5196502699887,3487.0802243189546
1664.7909174497788,3173.7430911191823
2176.892294099963,2821.3635767741102
2846.519650269984,2077.619445275604
1664.79091744978,2629.005093627751
3021.328993018102,2691.6213852028077
2310.578745598362,2888.5613637965575
2452.475096760915,2282.738543505193
2846.5196502699887,2449.7614696732317
3112.719126506789,2177.7653653381713
2050.9407303859707,2508.108628773909
2050.940730385967,2229.6342610769393
1875.5444527159782,2567.845470509923
2932.6220943988847,2449.761469673229
2242.7396340646014,2177.76536533817
1820.4780458442353,2337.107636427903
2603.085530709703,2508.1086287739076
2681.824501104437,2449.761469673228
2932.6220943988733,2282.738543505191
2681.8245011044414,1935.968887248076
1932.2765260167587,2392.7716644511165
2526.6583541912014,2567.8454705099234
2050.940730385964,2029.2869325074396
2932.6220943988747,2691.621385202807
2846.5196502699837,2567.845470509923
2681.824501104444,3027.796504328375
2176.8922940999596,2127.103116981948
2112.978246843293,2567.8454705099207
1990.7246493617552,1846.9421314222245
2932.6220943988756,2177.7653653381703
2846.5196502699837,2449.761469673231
2452.47509676091,2127.103116981947
2932.6220943988756,2449.7614696732317
2380.4698764498276,2337.1076364279056
2603.0855307097,1982.0787987952156
3021.3289930181068,2392.7716644511115
2932.6220943988783,2691.6213852028027
3612.846536576499,2629.005093627754
2526.658354191208,2691.6213852028045
2603.085530709701,2567.845470509919
3112.7191265067877,2392.7716644511124
2310.578745598356,2508.1086287739076
2526.658354191201,2567.845470509921
3206.8736582183674,2508.1086287739067
2603.0855307097017,2755.729039415426
2310.578745598358,2821.363576774112
2310.578745598356,2229.6342610769393
2526.6583541912064,2567.8454705099216
2380.469876449828,2629.005093627752
2380.4698764498303,3655.165317183529
1932.2765260167587,2282.7385435051924
2762.9451932619463,1982.0787987952165
2242.7396340646037,2337.107636427903
2380.469876449828,3099.9110046785236
3303.8762065615633,2127.1031169819453
2932.6220943988737,3027.796504328375
2380.469876449822,2229.63426107694
1875.544452715977,1721.0189821393167
2932.6220943988774,3405.958847712302
2526.6583541912046,2755.7290394154297
2242.739634064604,2508.108628773906
2380.469876449826,2691.6213852028086
2762.945193261949,2508.108628773909
3206.8736582183715,2508.108628773909
3206.87365821837,2127.1031169819457
2176.892294099963,2282.738543505192
1767.0284010606267,2957.359633159491
1820.4780458442362,2392.7716644511133
2380.4698764498235,3027.7965043283752
2452.4750967609148,2177.7653653381713
1664.7909174497795,2629.00509362775
2603.085530709698,2029.2869325074396
2176.892294099961,2691.6213852028072
2310.578745598359,2567.8454705099216
1568.4687338130611,2337.1076364279065
2452.4750967609157,2449.7614696732294
2050.9407303859707,2127.1031169819457
2846.5196502699846,1762.0093273665045
2762.945193261939,2229.634261076938
2050.940730385969,2337.1076364279043
2846.51965026999,1529.9348850043325
2242.739634064603,2127.103116981947
2932.62209439888,2177.7653653381694
2310.5787455983614,2337.1076364279043
2112.97824684329,2337.1076364279024
1820.4780458442353,2821.3635767741116
3112.719126506788,2449.7614696732303
2112.978246843294,2392.7716644511156
2603.0855307096963,1890.931649473632
2310.578745598359,1846.9421314222218
3112.7191265067904,2567.8454705099207
2112.9782468432945,2691.621385202806
2310.57874559836,2888.5613637965566
2242.7396340645982,2077.6194452756035
2603.0855307097,3249.3336722327476
2310.578745598361,2755.7290394154247
2846.519650269986,2337.107636427906
3112.719126506788,2629.0050936277535
3112.719126506789,2177.7653653381726
1767.0284010606256,3027.7965043283775
2603.085530709698,3099.9110046785195
2603.0855307097027,2337.107636427904
2932.6220943988774,2567.8454705099207
2603.0855307097027,2957.359633159486
2603.0855307097027,2229.63426107694
2310.5787455983645,2508.1086287739085
2112.978246843294,2508.108628773909
2603.085530709698,2508.1086287739076
2050.940730385969,3027.796504328376
2380.469876449825,2229.634261076939
3206.8736582183665,2029.2869325074394
2310.57874559836,2392.7716644511142
2176.8922940999614,2567.8454705099225
1664.79091744978,2392.7716644511147
1615.9122817640648,2177.76536533817
3206.873658218374,2567.8454705099225
2452.475096760917,2888.561363796557
2242.7396340646033,2077.619445275606
3021.3289930181063,1935.9688872480747
2846.519650269992,2567.845470509923
2112.9782468432927,2567.8454705099216
2176.8922940999582,2392.7716644511147
3506.7725498681707,2392.7716644511147
3722.12908343415,2449.7614696732326
2762.94519326195,1846.9421314222218
3506.7725498681652,2337.1076364279047
3303.876206561573,2127.1031169819457
2176.8922940999637,2449.7614696732317
3112.7191265067913,2127.1031169819466
2310.578745598361,2691.621385202808
2050.940730385965,2177.7653653381713
2112.9782468432923,1935.9688872480756
2310.578745598364,3027.7965043283752
2452.4750967609166,2567.8454705099243
2681.824501104443,2957.359633159488
2526.658354191207,2821.363576774111
1615.912281764063,2821.3635767741107
1875.5444527159782,2508.108628773908
3303.876206561566,2691.621385202807
2932.622094398876,3487.0802243189532
1875.544452715978,1890.9316494736324
3303.8762065615633,1982.0787987952158
3303.8762065615656,2077.619445275603
2112.9782468432927,2691.621385202805
3021.3289930181018,2449.7614696732307
1990.7246493617542,2392.771664451112
2526.658354191208,2392.7716644511147
2380.469876449824,1803.9759595604744
2380.4698764498257,2282.738543505189
3021.3289930181018,2449.7614696732303
2932.622094398873,2449.7614696732253
3021.328993018102,2691.6213852028077
2603.0855307097045,2127.1031169819453
3112.7191265067863,2821.3635767741102
2242.7396340646023,2229.6342610769384
2681.8245011044437,2282.738543505193
2050.94073038597,2337.1076364279047
2762.945193261951,2508.108628773906
2050.9407303859716,2127.1031169819466
2526.6583541912055,2821.3635767741107
2452.4750967609157,2127.1031169819453
2762.945193261948,2629.0050936277526
1990.7246493617497,2508.108628773909
2603.085530709702,2508.108628773909
2112.978246843296,2567.8454705099207
2452.4750967609148,1982.078798795218
2310.578745598362,1982.078798795217
2603.085530709693,2888.5613637965566
2681.8245011044432,2508.1086287739076
2380.4698764498276,2821.3635767741102
2932.622094398875,2957.359633159488
2050.940730385968,2449.7614696732303
2242.739634064603,2449.761469673229
2603.0855307097027,2392.771664451112
2603.0855307097017,2392.771664451113
2526.658354191199,2392.7716644511133
2452.4750967609148,2077.6194452756026
2681.8245011044455,2957.359633159489
2310.578745598361,3027.7965043283775
2932.622094398881,2029.2869325074412
2526.6583541912046,2229.6342610769407
3612.8465365765087,2691.6213852028095
2310.5787455983586,2508.108628773908
2050.940730385966,2629.0050936277526
2762.9451932619463,2337.1076364279047
2932.6220943988806,3249.333672232745
1820.4780458442353,2282.738543505192
3303.8762065615733,2691.6213852028045
2310.5787455983605,2629.005093627752
2242.7396340646037,2629.0050936277526
2242.7396340646,2629.005093627756
2452.475096760913,2629.0050936277535
2242.7396340646014,2629.005093627751
2452.4750967609175,2127.1031169819457
2526.6583541911987,2392.771664451114
2242.7396340646023,2229.6342610769366
2050.9407303859675,2229.6342610769393
2526.658354191199,1803.9759595604748
2380.469876449825,2755.72903941543
2112.9782468432945,2567.8454705099207
2603.0855307096963,2282.7385435051915
2112.9782468432945,2282.7385435051906
2681.8245011044432,2177.7653653381703
2112.978246843294,2567.8454705099225
1990.7246493617527,2449.7614696732303
2603.085530709698,2282.7385435051906
2603.0855307097,3099.911004678522
2603.0855307096967,2127.1031169819453
3112.719126506791,2888.5613637965535
2176.892294099964,3027.796504328377
3112.7191265067936,2229.6342610769384
2452.475096760914,2449.7614696732294
3112.719126506786,2229.6342610769384
2526.6583541912,2177.7653653381717
2176.8922940999632,2282.738543505191
1875.5444527159777,2691.621385202807
2380.469876449824,2392.7716644511147
2526.6583541911987,2888.5613637965575
2242.7396340645996,2449.7614696732303
1875.5444527159757,2508.1086287739085
2112.978246843294,2755.72903941543
2176.89229409996,2337.107636427906
2526.6583541912037,2127.103116981947
3112.7191265067872,2629.005093627752
2932.6220943988783,2567.845470509923
2762.94519326195,2821.363576774113
1990.7246493617529,2029.2869325074394
2050.940730385968,2337.1076364279074
2242.7396340645987,2077.619445275603
2112.978246843291,2449.761469673233
2681.824501104444,2177.765365338171
3206.873658218372,1890.9316494736324
2932.6220943988756,1982.0787987952172
3206.8736582183687,2957.3596331594845
2452.47509676091,2337.1076364279047
2452.4750967609184,2629.0050936277526
2310.57874559836,2449.7614696732307
3021.3289930181127,2567.84547050992
1932.2765260167585,2449.7614696732307
2242.7396340646,2508.1086287739063
2112.97824684329,2449.761469673229
2932.6220943988787,2337.1076364279043
2762.945193261943,2508.1086287739076
2603.085530709698,2127.1031169819466
2050.9407303859675,2508.1086287739104
2380.4698764498226,2449.7614696732317
2242.7396340646033,2127.1031169819466
2681.824501104438,2229.6342610769384
1990.724649361752,3099.9110046785217
3403.8129192616757,2177.765365338169
1875.5444527159757,2508.1086287739085
2112.978246843292,2127.103116981947
2932.622094398881,1846.942131422223
2176.892294099961,2888.561363796558
2762.9451932619486,2029.2869325074391
2452.475096760913,2629.0050936277526
2112.978246843294,2508.108628773909
2603.0855307097004,2077.6194452756035
2050.9407303859675,2888.561363796557
2603.0855307097036,1982.0787987952156
2681.824501104435,2029.2869325074403
2932.622094398878,2691.6213852028054
1820.4780458442349,2029.2869325074394
2112.978246843292,2229.6342610769398
1715.1480498666992,2567.8454705099207
2762.945193261949,2629.005093627751
3021.3289930181095,2392.7716644511115
2762.945193261939,2029.286932507441
3303.8762065615606,2691.621385202807
2380.469876449828,2392.7716644511147
2846.519650269988,2629.005093627752
1875.5444527159766,2127.1031169819457
2050.9407303859693,1890.931649473633
2762.945193261939,2567.845470509923
2603.0855307097027,2392.7716644511133
2242.739634064604,2282.7385435051915
2846.5196502699805,2755.729039415428
2526.6583541912064,2392.771664451114
3303.8762065615633,2629.0050936277516
2762.945193261949,2177.7653653381713
2681.824501104447,2392.771664451113
1820.4780458442349,2691.6213852028045
2932.6220943988783,2567.8454705099216
2603.0855307096967,1846.9421314222232
1990.724649361751,2337.1076364279056
2380.469876449826,3099.9110046785217
3021.3289930181013,2755.729039415426
3112.71912650679,3099.9110046785236
1568.4687338130616,2392.7716644511142
2603.085530709693,2508.108628773909
2380.469876449826,1803.9759595604742
2603.0855307097054,2282.73854350519
3112.7191265067954,3487.0802243189532
1615.912281764062,2755.729039415426
2242.7396340646,2127.103116981946
2603.0855307097054,2449.7614696732276
2242.7396340645987,1982.0787987952156
2603.0855307097036,2957.3596331594877
2112.978246843296,2229.6342610769398
2932.6220943988783,2888.5613637965566
2452.47509676091,2392.7716644511142
1990.7246493617492,1982.0787987952158
2603.085530709702,2629.0050936277516
2112.978246843292,2127.1031169819457
2681.8245011044455,2508.1086287739085
3612.8465365765046,2888.561363796557
2380.469876449828,2127.103116981947
2932.622094398882,2077.6194452756054
2242.739634064606,2177.7653653381735
2681.824501104438,2337.107636427906
2452.4750967609157,2508.1086287739113
2846.5196502699905,2629.0050936277516
3303.8762065615642,1982.0787987952172
2846.5196502699887,2127.1031169819444
2846.5196502699873,2888.5613637965544
2762.945193261947,2177.765365338171
3403.812919261673,2177.7653653381703
2310.5787455983614,2177.765365338169
3403.8129192616684,2282.738543505189
3403.8129192616702,2888.5613637965616
2762.9451932619436,2629.005093627752
2112.9782468432945,2821.363576774111
3021.328993018103,2077.6194452756054
2050.940730385969,3173.743091119183
2603.085530709701,1982.0787987952167
2050.9407303859653,2629.0050936277516
2380.469876449825,2229.6342610769384
2050.940730385969,2229.6342610769384
2681.824501104443,2449.7614696732294
2603.085530709702,2177.76536533817
2932.6220943988806,2449.7614696732307
3021.3289930181013,2449.7614696732303
3403.8129192616775,2029.2869325074407
2846.5196502699814,2629.005093627755
2310.578745598363,2755.729039415429
2681.8245011044346,3173.7430911191836
2242.7396340646005,2282.738543505189
3021.328993018105,2337.107636427904
3612.846536576512,2567.8454705099216
2310.5787455983595,2282.738543505192
1767.0284010606279,2229.634261076939
2176.8922940999596,2229.6342610769393
2762.9451932619477,2392.771664451113
3506.7725498681684,2029.2869325074398
3612.8465365765046,2449.7614696732294
3021.328993018107,3099.911004678523
2310.5787455983623,2177.76536533817
2176.8922940999596,2508.1086287739063
2846.519650269985,2567.8454705099225
2452.475096760914,2691.6213852028054
2176.8922940999596,2508.1086287739095
2762.9451932619486,2449.7614696732307
2762.945193261942,2755.7290394154247
2603.0855307096967,2691.6213852028072
2762.9451932619395,2691.621385202803
2176.8922940999623,2567.8454705099225
2380.4698764498266,2077.619445275604
2526.658354191204,2229.6342610769384
2176.892294099965,2127.1031169819466
2526.658354191204,2029.2869325074394
3112.7191265067872,2691.6213852028077
2932.62209439887,2077.619445275603
3021.328993018104,2337.1076364279056
2603.0855307097017,2629.0050936277507
2681.8245011044346,2229.6342610769398
2681.824501104446,2821.363576774113
2310.578745598361,2177.7653653381717
2452.4750967609143,3173.743091119187
2932.62209439888,2567.845470509919
3112.719126506789,2392.7716644511115
3021.328993018105,2177.7653653381703
3303.8762065615674,3173.743091119184
3021.3289930181045,2629.0050936277535
3021.328993018102,2567.845470509923
2603.0855307096995,2392.7716644511142
3303.8762065615633,2337.107636427905
1820.478045844233,2392.771664451115
2176.89229409996,2392.7716644511133
2932.622094398876,2282.738543505191
2846.5196502699873,2282.7385435051906
2176.8922940999637,1890.9316494736324
2452.4750967609184,2337.107636427905
1568.4687338130598,2392.771664451112
2603.0855307096995,2629.0050936277535
1990.724649361752,2957.359633159488
3506.772549868168,1935.968887248077
2310.5787455983627,2449.7614696732294
3303.8762065615633,2957.3596331594913
2242.7396340645982,2691.621385202804
2310.5787455983605,2691.6213852028054
2380.4698764498266,2337.107636427906
1767.0284010606279,2392.771664451113
2681.824501104444,2567.845470509923
3112.719126506789,2755.7290394154265
1990.7246493617527,2957.359633159488
2932.622094398873,2282.7385435051906
2452.4750967609125,2282.7385435051906
2681.824501104444,2691.621385202805
2681.8245011044464,2229.6342610769384
2932.6220943988765,1846.942131422222
2932.622094398881,2392.771664451113
2050.940730385965,2449.7614696732294
2603.085530709702,2449.7614696732276
2310.5787455983586,2449.7614696732307
2380.4698764498294,2127.1031169819453
1715.1480498666983,2029.2869325074396
2310.578745598356,2449.761469673231
2050.940730385968,2821.3635767741093
2932.622094398879,2127.103116981946
3206.87365821837,2629.005093627747
2603.0855307097027,2567.8454705099225
2452.475096760913,2229.6342610769393
2846.5196502699782,3249.333672232748
2526.6583541912073,2282.7385435051915
2846.5196502699782,2449.761469673229
2380.469876449831,2392.7716644511147
2112.9782468432973,2337.1076364279056
2380.4698764498253,2282.738543505191
2242.7396340645982,2077.6194452756035
1875.5444527159773,2508.108628773909
2112.9782468432963,2567.8454705099225
2176.8922940999587,2337.1076364279043
2681.824501104435,2077.619445275604
2452.47509676091,3027.796504328372
2242.7396340646023,2392.7716644511133
2932.6220943988774,2629.0050936277535
2681.824501104445,2629.0050936277526
2526.658354191203,2821.363576774109
2762.945193261949,2449.7614696732307
2452.4750967609148,2029.2869325074391
3112.7191265067913,2337.1076364279043
2310.5787455983623,2229.6342610769375
2050.940730385968,2821.3635767741107
2310.5787455983623,2282.738543505191
2452.4750967609148,2337.107636427905
2452.47509676091,2508.1086287739067
2932.6220943988747,2282.738543505193
2242.739634064605,2177.76536533817
2681.824501104435,2755.7290394154243
2452.4750967609157,2177.7653653381717
2380.4698764498235,2392.7716644511142
2603.0855307097004,2229.6342610769384
3112.719126506793,2392.771664451113
2050.9407303859703,2229.6342610769384
2932.6220943988787,2077.6194452756044
2452.475096760912,2449.761469673231
1932.276526016759,2755.729039415428
2603.085530709694,2821.3635767741107
2380.469876449829,2508.1086287739085
2452.4750967609148,2127.103116981945
1875.544452715977,2755.729039415426
2176.8922940999623,2508.1086287739067
2681.824501104443,3249.333672232743
3021.3289930181095,2282.7385435051906
2603.0855307097027,2177.7653653381703
2526.6583541912005,2392.7716644511106
2526.6583541912073,3099.911004678522
2452.4750967609184,2392.771664451112
3206.8736582183765,2392.7716644511156
2681.8245011044455,2508.1086287739085
2526.658354191207,2508.1086287739063
2242.7396340645996,1935.968887248076
2380.469876449822,2392.7716644511142
3021.328993018109,2691.6213852028045
2112.978246843293,2392.7716644511156
2681.824501104435,2821.3635767741102
2242.739634064603,2392.771664451113
2846.5196502699887,2449.7614696732303
2050.940730385964,2691.621385202808
2310.5787455983595,2282.738543505192
2526.6583541912037,1762.009327366504
2176.8922940999632,1846.9421314222222
2242.7396340646005,2508.1086287739067
2452.4750967609193,2691.621385202803
2603.085530709693,3099.9110046785236
2603.0855307097054,2508.1086287739063
1990.724649361752,2392.7716644511142
3506.772549868164,2508.1086287739067
2681.8245011044396,2229.634261076938
2846.519650269984,2282.738543505191
3506.7725498681643,2567.8454705099243
2112.9782468432913,2567.8454705099225
3021.32899301811,2567.845470509923
2310.578745598365,2392.771664451115
2846.519650269982,2229.634261076937
2603.085530709701,3405.9588477123007
2681.824501104445,2282.7385435051897
2112.9782468432913,2957.3596331594877
2681.8245011044432,2337.1076364279033
2762.9451932619504,2077.619445275603
2112.978246843294,2282.73854350519
2846.519650269988,2755.729039415427
2380.4698764498244,2282.7385435051915
2380.4698764498235,2077.6194452756026
2762.945193261947,2127.1031169819466
2176.8922940999637,2177.7653653381717
2526.658354191203,2691.621385202806
2762.945193261951,2821.363576774113
2176.892294099962,2508.108628773908
2112.9782468432963,3326.724630941161
3206.87365821837,3099.9110046785245
2242.7396340646,2229.634261076939
3021.328993018102,3405.9588477123
2050.9407303859693,2229.634261076938
2176.892294099958,2629.005093627751
3206.8736582183656,2755.729039415426
3021.328993018106,2755.72903941543
2452.4750967609175,2957.3596331594904
2112.9782468432923,2029.2869325074396
2380.4698764498235,2508.1086287739085
2603.0855307097004,2888.561363796558
2932.6220943988765,2337.107636427907
1990.724649361754,2691.6213852028095
2603.0855307096963,2821.3635767741102
2050.940730385968,2177.7653653381703
1990.7246493617536,2629.005093627751
2050.94073038597,2567.8454705099243
2310.578745598356,2449.7614696732307
2762.945193261942,2755.7290394154293
2380.4698764498253,2229.6342610769393
3834.717244002976,2691.6213852028072
2176.8922940999632,2821.3635767741116
3206.873658218369,2449.7614696732303
2242.7396340646023,2337.107636427905
2603.0855307096936,2337.1076364279043
2242.739634064602,2029.286932507441
2603.0855307096963,2282.7385435051888
2846.5196502699832,2337.107636427905
3021.3289930181013,2888.561363796559
2681.824501104447,2821.3635767741093
2526.6583541912073,2567.845470509921
2452.475096760913,2392.7716644511142
2176.892294099963,2337.1076364279065
1932.2765260167587,2177.7653653381713
2681.8245011044405,2282.738543505191
2932.6220943988774,2127.1031169819453
2176.8922940999587,2282.738543505193
2242.739634064603,2888.561363796559
1767.0284010606267,1982.0787987952176
2242.739634064605,2127.1031169819485
2681.8245011044382,1890.9316494736331
2050.940730385968,2177.7653653381703
3112.7191265067936,2691.6213852028054
3206.8736582183665,2449.761469673232
2310.5787455983586,3249.3336722327463
2380.469876449825,1935.9688872480756
2112.978246843294,2282.738543505192
2242.7396340646014,2392.771664451113
2603.0855307097,2821.3635767741084
4070.2133878590175,2127.103116981947
3303.876206561565,2888.561363796558
2380.4698764498266,2449.7614696732294
1990.7246493617536,2177.7653653381717
2050.9407303859693,1935.968887248076
2452.475096760911,2229.6342610769398
2526.658354191203,2449.761469673229
2762.9451932619504,2691.621385202806
2846.5196502699887,2337.107636427905
2112.978246843293,2177.76536533817
3112.719126506789,2177.7653653381703
2526.6583541912064,2177.7653653381713
2846.519650269986,2229.6342610769398
2526.658354191207,2821.363576774113
2176.8922940999623,2567.8454705099216
3112.7191265067913,2177.765365338171
1990.7246493617524,2229.634261076938
3303.8762065615624,1982.0787987952156
3112.719126506789,2229.63426107694
1990.7246493617524,2629.0050936277507
3112.719126506788,2821.3635767741102
2112.978246843293,3027.796504328372
2526.658354191203,2691.6213852028095
2176.8922940999596,2029.2869325074412
1615.9122817640637,2392.7716644511156
2452.475096760913,2177.765365338171
2681.8245011044364,2337.107636427903
2681.824501104444,2392.771664451112
3021.3289930181036,2029.2869325074385
2846.519650269982,2508.1086287739076
2112.978246843292,2449.7614696732285
2526.6583541912046,2282.7385435051906
2310.5787455983605,2888.5613637965553
1820.4780458442367,2567.845470509923
2526.658354191201,2229.634261076938
3506.772549868168,2449.761469673231
2310.5787455983595,2449.7614696732307
2526.6583541912046,3027.7965043283752
2380.469876449826,2392.771664451112
2050.9407303859675,2392.771664451113
2176.892294099961,2229.6342610769393
2932.6220943988765,2449.7614696732294
3206.8736582183774,2229.6342610769393
2762.9451932619486,2392.771664451117
2310.5787455983595,2229.6342610769398
2176.8922940999614,2127.1031169819466
2846.5196502699896,2821.363576774109
2242.7396340646064,2629.0050936277544
2050.9407303859666,2177.7653653381713
2762.945193261949,2821.3635767741107
2681.8245011044373,2282.73854350519
1875.5444527159777,2449.761469673229
2846.5196502699896,2508.108628773906
1767.028401060626,3099.9110046785186
2176.8922940999614,2127.1031169819457
2310.5787455983627,1890.9316494736318
1767.028401060627,2449.7614696732276
2050.9407303859657,2229.6342610769393
2526.658354191202,2077.619445275603
2380.4698764498294,2392.7716644511115
2526.658354191206,2888.561363796556
2112.9782468432904,2629.0050936277553
2846.5196502699837,2629.005093627749
2112.978246843294,2629.0050936277544
3612.846536576503,2691.6213852028054
3403.812919261678,2392.7716644511142
2603.0855307096963,2029.286932507439
3303.8762065615692,2821.3635767741107
2310.578745598361,1641.8768338828074
3112.719126506789,2029.2869325074375
2452.475096760912,2508.108628773908
2176.892294099961,2229.6342610769393
3021.328993018109,2392.7716644511147
3403.812919261669,3099.9110046785195
2762.945193261951,3405.958847712299
2846.5196502699846,2629.00509362775
2050.940730385967,2957.3596331594904
2681.8245011044423,2449.7614696732303
2112.978246843292,1982.0787987952167
2452.4750967609157,1846.9421314222234
3206.8736582183697,3027.7965043283707
2681.824501104444,2629.00509362775
2176.892294099962,2629.005093627755
2050.940730385968,2229.6342610769393
2112.9782468432923,2392.7716644511142
3206.8736582183697,2449.761469673231
2846.5196502699887,2508.108628773909
2310.5787455983573,2392.771664451113
2452.4750967609175,2337.1076364279043
3722.1290834341485,2755.729039415428
3112.719126506788,2508.1086287739067
2380.4698764498276,2177.7653653381726
2681.8245011044482,2392.7716644511147
2452.4750967609148,2282.7385435051906
2380.4698764498226,2392.7716644511156
2603.0855307097,2629.005093627755
3021.328993018109,2508.108628773909
2310.5787455983645,2127.103116981948
2762.945193261951,2127.1031169819457
3303.876206561566,2077.6194452756044
2176.892294099963,2508.108628773906
2452.4750967609207,2127.1031169819466
2846.5196502699846,2229.6342610769393
2176.8922940999623,2449.7614696732303
1990.7246493617522,2282.7385435051897
2681.824501104435,2567.845470509923
2526.658354191209,2629.0050936277535
2681.8245011044455,2629.0050936277526
2681.824501104444,2127.1031169819457
2310.5787455983645,2127.1031169819457
2452.475096760912,2821.3635767741107
2681.8245011044405,2567.845470509926
2932.6220943988765,2077.6194452756035
2452.4750967609175,2821.363576774111
1875.5444527159782,2029.2869325074375
1875.5444527159757,2567.8454705099225
2380.469876449826,3099.911004678519
2242.739634064604,2127.103116981945
2603.0855307096995,2567.845470509923
2681.8245011044437,2567.845470509923
2242.7396340646055,2567.8454705099216
2452.475096760915,2392.771664451115
1990.7246493617502,1846.9421314222225
2932.622094398876,2392.7716644511147
2112.978246843293,1935.9688872480754
2310.5787455983614,2629.005093627752
2526.6583541912028,2449.7614696732285
2846.5196502699846,2508.1086287739067
2603.0855307097017,2282.7385435051915
2050.9407303859666,2957.359633159489
1875.5444527159764,2127.1031169819457
2380.469876449828,1721.0189821393167
2310.578745598358,2629.00509362775
2380.4698764498266,1935.968887248077
2310.578745598361,2337.1076364279043
2050.940730385964,2127.103116981947
2762.945193261945,2755.7290394154243
2310.578745598361,1803.975959560473
2310.5787455983577,2821.3635767741134
2681.824501104444,2077.619445275604
2526.658354191204,2629.0050936277535
2242.739634064601,2888.5613637965594
2681.8245011044437,2567.8454705099216
2310.578745598361,2229.634261076939
2932.622094398873,2449.7614696732303
3021.328993018103,2508.108628773909
2452.4750967609148,1935.9688872480756
2452.4750967609157,2691.62138520281
2526.6583541912037,2449.761469673232
2846.519650269984,2449.7614696732307
2112.978246843293,2077.6194452756063
2603.0855307097027,2755.7290394154275
2242.7396340646037,2282.7385435051906
3112.719126506788,2282.7385435051942
2452.475096760914,2957.3596331594904
2603.085530709697,2691.621385202806
2176.8922940999614,2449.761469673231
2762.945193261949,1721.0189821393153
2176.8922940999614,2449.761469673229
1664.7909174497795,2449.761469673231
2681.824501104435,2691.621385202807
1990.7246493617529,2029.2869325074394
2310.578745598361,2229.6342610769398
2681.824501104445,2229.6342610769384
1932.2765260167575,2127.103116981947
2846.5196502699814,2077.6194452756044
2526.6583541912055,2392.771664451112
3834.7172440029785,2821.363576774109
2310.5787455983564,2127.103116981947
2603.085530709694,2337.1076364279043
2526.6583541912,2337.107636427904
2846.5196502699873,2508.108628773908
2050.940730385966,2127.1031169819476
2932.6220943988765,2229.634261076939
2526.658354191202,1803.975959560473
2050.940730385968,2567.845470509923
2380.469876449828,2755.7290394154293
2242.7396340645982,2957.359633159489
2762.945193261946,2888.5613637965566
1875.5444527159773,2508.1086287739095
2176.892294099964,2957.3596331594886
2452.4750967609143,2508.1086287739085
2762.9451932619477,2567.8454705099216
2681.824501104445,1982.078798795214
2242.739634064606,2077.6194452756044
1990.7246493617524,2127.1031169819457
2762.9451932619513,2508.1086287739067
2310.5787455983577,2029.2869325074385
2452.475096760912,3027.796504328378
3112.719126506793,2691.621385202808
2526.6583541912037,2077.619445275603
2242.7396340646014,2821.3635767741107
2380.4698764498294,2449.7614696732303
1990.724649361754,2755.7290394154297
2452.47509676091,2691.6213852028077
1875.5444527159793,2392.7716644511147
2526.658354191207,2755.7290394154293
2176.8922940999637,2029.2869325074394
1990.7246493617508,2127.1031169819466
2526.6583541912064,2691.621385202802
2932.6220943988756,2029.2869325074398
3403.812919261672,3099.911004678521
2310.578745598361,3326.724630941162
2846.5196502699923,2177.7653653381703
2762.9451932619427,2229.6342610769398
2603.085530709694,2755.7290394154247
1615.912281764062,2029.2869325074394
2846.5196502699846,2392.7716644511156
3021.328993018103,3249.333672232746
2762.9451932619513,2337.107636427905
2932.6220943988783,2567.8454705099225
3303.8762065615647,2821.3635767741102
4070.2133878590166,2567.845470509921
2380.469876449828,2127.103116981947
3021.328993018111,2229.6342610769398
2310.578745598361,2508.1086287739067
2526.6583541912087,2449.7614696732294
3612.8465365764987,2177.7653653381713
3021.328993018105,2957.359633159488
1820.4780458442344,2229.6342610769393
2762.945193261946,2821.363576774109
2380.4698764498253,2229.634261076938
2310.578745598359,2337.107636427905
2762.9451932619486,2449.7614696732294
1990.7246493617529,2392.7716644511147
2603.0855307096995,2508.108628773906
2603.0855307096995,2449.7614696732303
2603.085530709694,2691.6213852028045
2380.4698764498226,1803.9759595604728
2380.4698764498235,2177.76536533817
2310.5787455983627,2567.8454705099216
3206.8736582183765,2508.1086287739076
2452.475096760914,2282.7385435051888
2681.8245011044437,2888.561363796556
1990.724649361751,2282.738543505192
1875.5444527159782,2127.103116981947
2112.9782468432927,2282.738543505189
2681.8245011044382,2282.738543505193
2176.8922940999614,2508.1086287739076
2242.7396340646023,1641.8768338828074
2681.8245011044464,2449.761469673231
2242.7396340646005,2177.7653653381703
2762.94519326195,2392.771664451113
2526.658354191204,3249.333672232745
2846.51965026999,2392.7716644511115
2310.578745598359,2629.005093627755
2452.4750967609143,2392.7716644511142
4193.3305146940875,2282.7385435051906
2932.6220943988783,2127.103116981947
3021.3289930181018,1721.0189821393178
1990.7246493617527,2127.1031169819457
2603.085530709702,2282.738543505191
1875.5444527159784,2888.5613637965566
2603.0855307097054,3173.743091119185
3403.8129192616657,2449.761469673231
2050.940730385968,2449.76146967323
2242.7396340646033,2127.1031169819476
2310.5787455983605,2957.359633159488
2846.5196502699873,2567.845470509921
3112.719126506796,2127.103116981947
3612.8465365765032,2392.771664451115
2452.475096760915,2229.6342610769393
2242.7396340646014,2755.7290394154275
2846.519650269982,2629.0050936277535
2176.89229409996,2337.1076364279043
3303.8762065615633,2755.7290394154293
1820.4780458442349,2888.561363796557
3021.3289930180995,2392.771664451114
2603.0855307096977,3173.7430911191836
2526.658354191208,2282.738543505191
2380.469876449825,2077.619445275603
2176.892294099964,2957.3596331594913
2603.0855307096967,2567.8454705099202
3112.7191265067945,2449.7614696732303
3403.812919261677,2755.7290394154265
2681.824501104448,2508.1086287739085
2452.475096760913,2508.108628773906
2380.4698764498253,2177.76536533817
2050.9407303859666,2337.107636427904
2310.578745598359,2629.005093627752
2603.085530709693,2691.621385202807
2310.578745598359,2337.107636427905
2762.9451932619518,2127.103116981943
2762.945193261945,2691.6213852028072
2380.4698764498253,2567.8454705099243
2603.085530709701,2449.7614696732294
2526.6583541912055,2508.108628773908
2526.6583541912,2337.1076364279083
2603.0855307097045,2957.359633159486
1820.4780458442342,1890.9316494736313
2380.469876449825,2392.7716644511156
2452.475096760914,2691.62138520281
2526.6583541912055,2888.561363796558
2603.0855307097,2337.107636427905
1875.544452715978,2177.765365338172
2452.4750967609148,2629.0050936277526
1615.912281764062,2567.8454705099207
1715.148049866697,2229.6342610769384
2681.8245011044355,2508.108628773908
2310.57874559836,2888.561363796556
2242.739634064601,2177.7653653381703
2452.475096760917,2567.8454705099234
3112.7191265067886,2127.1031169819466
2452.47509676091,3027.796504328377
2310.578745598359,2077.6194452756044
1875.5444527159768,2029.2869325074398
2603.0855307096995,2282.7385435051915
2526.6583541912046,2029.2869325074394
1990.7246493617502,2508.108628773909
2846.519650269989,2337.1076364279047
2846.5196502699864,2392.7716644511133
2681.824501104443,2392.7716644511133
2932.622094398881,2888.561363796557
2452.4750967609143,2449.7614696732294
1990.7246493617502,1890.931649473631
2112.9782468432945,2127.1031169819466
1820.478045844233,2691.621385202804
2310.578745598364,2821.363576774112
2380.469876449822,1680.9822121150219
1767.028401060627,2337.1076364279043
3506.772549868167,2392.7716644511133
2380.4698764498253,2508.108628773906
2526.658354191207,2755.7290394154275
2050.940730385964,2691.621385202807
2846.5196502699905,2337.1076364279047
3021.328993018103,2629.005093627752
3021.328993018099,2567.84547050992
2526.6583541911987,2821.3635767741116
1767.0284010606276,2127.103116981945
2681.8245011044482,2508.1086287739076
2681.824501104438,2029.2869325074394
2310.578745598357,2691.6213852028072
3021.328993018107,2177.7653653381713
2380.469876449824,2337.107636427905
2176.8922940999587,1982.0787987952165
1875.544452715977,2229.6342610769384
3206.873658218373,2177.765365338171
2603.0855307097027,2449.7614696732317
2526.6583541912073,2177.7653653381717
2112.9782468432904,2229.634261076939
2380.469876449826,2337.1076364279056
2603.0855307097027,2567.8454705099202
2242.7396340646005,2449.7614696732303
2762.9451932619486,2821.363576774112
2176.8922940999623,2077.619445275603
2452.4750967609157,2449.7614696732307
2681.824501104435,2821.363576774112
2380.469876449828,2392.7716644511133
2380.4698764498266,2337.1076364279043
2932.622094398875,3027.7965043283766
2050.9407303859666,2392.7716644511133
2526.6583541912046,2337.1076364279056
2681.8245011044396,2282.7385435051915
1990.7246493617533,2029.2869325074394
2176.892294099961,2229.6342610769384
2452.4750967609098,2691.6213852028054
2380.4698764498257,1803.9759595604744
2762.9451932619463,2282.7385435051933
2176.892294099961,2177.7653653381713
2176.892294099963,1935.9688872480763
1932.2765260167596,2629.0050936277553
3206.8736582183737,2029.286932507438
2050.940730385968,2567.845470509921
2452.4750967609157,2392.771664451113
3206.873658218377,2691.6213852028104
2681.824501104438,2029.2869325074382
3303.876206561573,2567.845470509921
2452.475096760915,2337.1076364279043
2380.469876449829,2508.1086287739095
3612.8465365765132,1935.968887248076
2112.9782468432927,2337.107636427905
2762.9451932619504,2229.6342610769393
2681.8245011044437,2821.3635767741107
3206.8736582183697,2127.103116981947
2380.4698764498266,2508.1086287739067
3112.7191265067845,3099.911004678524
3206.8736582183697,2449.7614696732307
2526.6583541912028,2337.1076364279043
3021.3289930181068,2177.7653653381694
2603.0855307097036,1982.0787987952162
2603.085530709705,2508.1086287739085
2380.469876449824,1982.0787987952167
2112.9782468432927,2567.8454705099207
1715.1480498666974,2691.621385202808
2452.475096760913,2127.103116981944
2380.4698764498307,2077.6194452756035
1990.7246493617506,2229.63426107694
2310.578745598361,2229.6342610769384
2176.8922940999573,2229.6342610769384
2310.5787455983627,2888.561363796555
2526.6583541912096,3249.3336722327463
3206.8736582183683,2508.108628773906
1875.5444527159777,2508.108628773908
2176.8922940999637,3173.7430911191864
2050.9407303859693,2691.621385202806
1990.7246493617522,2508.1086287739076
2452.4750967609125,2508.1086287739095
3303.8762065615606,2691.6213852028086
2050.9407303859666,2449.761469673229
2452.4750967609193,2337.107636427905
2452.4750967609148,2449.7614696732303
2380.469876449829,2449.7614696732285
1875.5444527159773,2337.1076364279043
2603.0855307096963,2821.363576774111
2380.469876449827,1846.9421314222245
2846.5196502699896,3027.796504328377
3021.328993018102,2177.7653653381703
1767.0284010606272,1935.968887248075
2762.945193261946,2229.6342610769375
2380.469876449828,2392.7716644511133
2932.6220943988756,2029.2869325074394
3021.3289930181068,3742.222165346561
2310.5787455983636,3027.7965043283752
2242.7396340645996,2392.771664451112
2242.7396340646023,1935.968887248077
2932.6220943988765,2392.7716644511133
2380.469876449822,2567.845470509918
3612.8465365765,2755.72903941543
2452.4750967609098,2567.845470509924
2050.9407303859684,2029.2869325074396
2310.578745598361,3487.080224318952
3021.328993018101,2337.1076364279033
2380.469876449824,2449.7614696732276
2310.5787455983577,2127.1031169819466
2380.469876449826,2449.761469673228
2681.8245011044437,2077.619445275603
1820.4780458442342,2029.2869325074403
2846.5196502699896,2392.7716644511133
2846.51965026999,2337.1076364279024
1932.2765260167596,2821.3635767741107
2452.4750967609157,2449.7614696732294
1820.4780458442344,2229.6342610769384
2762.9451932619504,1982.0787987952158
2526.658354191207,1890.9316494736318
2242.739634064602,2282.7385435051915
1990.7246493617538,2691.621385202807
2452.47509676091,3027.796504328375
2932.6220943988815,2629.005093627751
2762.945193261951,2029.2869325074396
2380.4698764498276,2282.738543505192
2380.469876449823,2821.3635767741116
2112.9782468432936,2177.7653653381717
2310.5787455983605,2177.76536533817
2380.469876449824,2029.2869325074412
2681.824501104435,1890.9316494736315
3506.7725498681625,2449.7614696732285
2310.578745598359,3249.333672232746
2526.6583541912,2177.76536533817
2310.578745598359,2508.1086287739085
2681.8245011044432,2282.7385435051906
2310.5787455983586,2282.7385435051906
3021.328993018109,2508.1086287739076
2242.739634064603,2957.359633159488
3206.8736582183815,1803.9759595604723
2242.7396340646055,2629.005093627752
3112.719126506789,2392.7716644511142
2762.945193261945,2508.1086287739113
2846.5196502699846,2449.76146967323
2526.6583541912064,2282.7385435051888
2242.739634064603,2337.1076364279043
2846.5196502699887,1935.9688872480742
2846.5196502699896,2567.8454705099216
2932.622094398878,2888.5613637965575
2242.739634064601,1846.9421314222232
2176.8922940999673,2821.363576774113
2526.6583541912046,2337.107636427904
2762.9451932619486,2567.84547050992
1767.0284010606283,3249.3336722327444
2452.4750967609125,2127.1031169819466
2932.622094398871,2755.729039415428
3206.873658218369,2449.7614696732307
2603.0855307096945,1890.9316494736324
2526.6583541912073,2337.1076364279047
2380.4698764498226,2567.8454705099202
2762.9451932619477,2691.6213852028054
1715.1480498666967,2888.5613637965566
1615.9122817640634,1803.9759595604737
2932.6220943988783,2337.1076364279056
2603.085530709701,2282.738543505192
2681.824501104437,2337.1076364279033
2762.945193261949,2691.6213852028027
2452.4750967609116,2337.1076364279065
2846.5196502699887,1803.9759595604721
2310.5787455983577,2691.6213852028045
2176.8922940999573,2337.1076364279043
3112.7191265067827,2127.103116981948
2762.945193261949,3099.911004678523
2380.4698764498303,2957.359633159481
1990.72464936175,2888.561363796558
2242.739634064606,2567.8454705099207
1875.5444527159773,2957.3596331594904
2310.5787455983623,2282.73854350519
2681.8245011044464,1982.0787987952156
2452.4750967609143,2629.0050936277535
2380.4698764498294,2508.1086287739085
2762.945193261949,2029.286932507439
2603.0855307097017,2282.7385435051906
1990.7246493617533,2691.621385202807
2932.6220943988783,2392.7716644511133
2681.824501104435,2337.1076364279056
1990.724649361754,2177.765365338171
2681.8245011044405,2567.8454705099216
1932.2765260167596,2449.76146967323
2452.4750967609157,2229.6342610769384
2846.5196502699837,2508.108628773908
2762.94519326195,2508.1086287739076
2050.9407303859684,2449.7614696732303
2176.89229409996,2229.6342610769384
1820.4780458442353,2508.108628773906
1715.1480498666983,2392.771664451113
2762.945193261942,2567.8454705099225
2380.4698764498303,2508.108628773909
2310.578745598361,2337.1076364279056
2242.7396340646023,2821.363576774112
2242.7396340645982,2888.561363796559
2112.9782468432904,2449.761469673231
2681.824501104435,2821.3635767741102
3206.8736582183674,2392.771664451114
2112.9782468432923,2957.3596331594863
2310.5787455983623,2821.3635767741102
2380.469876449829,2392.771664451113
2050.940730385968,2691.621385202806
2380.469876449828,2337.1076364279043
2310.5787455983627,1982.0787987952153
3403.812919261669,2567.8454705099207
2310.5787455983595,2755.729039415429
1351.3451450650693,2957.3596331594913
2932.6220943988765,2508.1086287739076
2176.8922940999614,2177.7653653381703
1932.2765260167591,2449.7614696732285
2681.8245011044382,2629.0050936277544
2762.945193261948,2691.621385202807
2603.0855307097017,2029.286932507439
2762.945193261945,3405.958847712297
2176.89229409996,2567.845470509924
1664.7909174497818,2888.5613637965575
2603.0855307097017,2449.7614696732303
2526.6583541912,2392.7716644511133
3021.3289930181018,2449.761469673229
2932.6220943988737,2177.765365338171
2380.4698764498253,3249.3336722327435
2176.8922940999632,2957.35963315949
2846.5196502699864,2508.1086287739076
1932.2765260167596,2127.103116981947
1715.1480498666974,3249.333672232743
2932.6220943988837,1846.9421314222225
2603.0855307097027,1641.8768338828077
2932.6220943988856,3249.3336722327463
2526.658354191202,2508.1086287739085
2526.658354191202,2282.73854350519
2526.6583541912087,2629.005093627752
2526.6583541912028,2029.2869325074382
3021.3289930181068,1803.9759595604746
1932.2765260167573,3173.743091119183
1875.5444527159764,2821.363576774112
2846.519650269992,2629.005093627756
2681.8245011044464,1890.9316494736315
3403.8129192616702,2567.845470509923
2050.940730385967,3027.7965043283775
1820.4780458442358,2392.7716644511142
2603.085530709693,2127.103116981947
2112.978246843294,2691.621385202803
2176.892294099961,2392.7716644511142
2242.739634064607,2691.6213852028054
1875.544452715977,1603.6811800936384
2762.9451932619445,2508.1086287739095
3112.719126506786,2755.729039415427
2112.97824684329,2508.108628773909
2932.6220943988774,2567.845470509921
2681.8245011044423,2229.6342610769384
1990.7246493617529,2229.6342610769393
2526.658354191206,2821.363576774109
2242.7396340646014,2629.005093627752
3112.7191265067872,2567.845470509918
1875.5444527159773,2755.7290394154243
2242.7396340646023,2508.1086287739085
2176.8922940999614,2337.1076364279065
1767.0284010606279,2449.7614696732303
2762.945193261951,2821.363576774111
2380.4698764498303,2957.359633159487
2846.519650269986,3249.333672232745
2380.4698764498253,2392.771664451112
2603.085530709694,2691.6213852028095
1990.7246493617513,2029.2869325074382
2762.9451932619454,2691.621385202803
2762.9451932619504,1935.968887248075
2603.0855307096954,2821.3635767741134
2242.7396340646014,2029.2869325074396
2762.9451932619486,2821.363576774113
2310.5787455983595,2337.1076364279056
1990.7246493617513,2508.108628773908
2310.57874559836,3326.7246309411603
2452.475096760917,2177.7653653381703
2762.9451932619395,2282.7385435051915
2176.8922940999605,2691.6213852028086
2452.4750967609143,2177.765365338171
2176.892294099961,2888.5613637965575
2310.57874559836,2177.765365338171
3950.711007552282,2029.286932507439
2310.5787455983627,2127.103116981947
2762.945193261951,2755.729039415425
2380.4698764498244,2449.761469673232
1990.724649361752,3027.7965043283766
2603.0855307097,2508.1086287739085
1820.4780458442344,3027.796504328377
2310.578745598364,2077.6194452756054
2681.8245011044405,2077.619445275604
3112.7191265067863,3099.911004678523
4070.213387859016,3099.911004678521
2526.658354191204,2629.0050936277526
2846.5196502699796,2392.7716644511142
2380.4698764498257,2449.7614696732317
1820.4780458442344,2337.1076364279065
2380.469876449827,2691.6213852028086
2050.9407303859657,2077.619445275603
2762.9451932619486,2629.0050936277535
3021.328993018098,2821.363576774111
2380.469876449824,2508.108628773908
2176.892294099962,3249.333672232743
3112.7191265067936,2691.621385202808
2603.085530709701,2755.7290394154275
2762.94519326195,2392.7716644511133
2846.519650269986,2392.7716644511133
2603.085530709695,2029.286932507439
1875.5444527159768,1890.9316494736327
2242.7396340646023,2229.6342610769384
2526.658354191201,2229.634261076939
2846.519650269989,2755.729039415429
4070.2133878590166,2337.1076364279047
2242.7396340646014,2508.1086287739063
3021.328993018104,2629.005093627751
2452.475096760917,1935.9688872480754
2380.4698764498266,2629.005093627749
1990.7246493617536,2449.761469673233
3722.1290834341467,2508.1086287739067
2050.9407303859666,2755.7290394154275
2526.6583541912073,2629.005093627755
2112.9782468432927,2508.1086287739085
2681.8245011044414,2888.561363796559
2603.0855307097017,2508.1086287739095
2526.6583541912,2449.761469673233
2846.519650269988,2127.1031169819453
2681.8245011044396,2508.1086287739067
2452.4750967609184,1721.018982139317
3112.7191265067886,2449.7614696732294
2452.475096760911,2508.108628773908
2242.739634064607,2567.8454705099234
2310.578745598359,2449.761469673229
3112.7191265067886,1762.009327366504
2112.9782468432923,2392.771664451112
2846.5196502699887,2282.738543505191
1820.4780458442344,2508.108628773908
2932.622094398881,2127.1031169819453
1767.028401060627,2821.3635767741102
2452.475096760915,2029.2869325074405
1820.4780458442349,2392.7716644511133
2112.978246843292,3027.796504328379
1820.4780458442344,2567.8454705099207
2452.4750967609166,2957.359633159491
2050.9407303859653,2691.6213852028045
2380.4698764498226,2449.7614696732285
2242.739634064605,2337.107636427906
3021.3289930181018,2229.634261076938
2526.6583541912037,2691.6213852028095
2762.945193261949,2392.7716644511147
2310.578745598357,2077.619445275604
1715.1480498666988,2567.845470509923
2310.57874559836,2508.1086287739076
1875.5444527159784,2629.005093627754
1875.5444527159793,2629.0050936277516
2050.940730385964,3249.333672232742
3722.1290834341485,2229.6342610769375
2112.9782468432913,2691.6213852028077
2452.475096760913,1846.9421314222218
2526.6583541912005,3027.796504328376
2176.8922940999582,2337.1076364279033
2112.978246843294,2821.3635767741116
2310.578745598359,2449.7614696732294
2242.739634064601,2821.3635767741093
3112.719126506792,3027.796504328379
1875.5444527159782,2888.5613637965575
3403.8129192616643,2337.107636427904
2176.892294099963,2888.5613637965566
3206.8736582183815,2177.7653653381703
2452.475096760915,2229.6342610769398
2603.0855307097,2821.363576774112
2112.9782468432945,2508.108628773908
1820.4780458442344,2755.729039415427
3021.3289930181086,2567.8454705099202
2603.0855307097027,2755.7290394154275
2846.5196502699905,2177.7653653381717
2681.824501104444,2629.0050936277544
2681.8245011044414,2755.729039415428
1820.4780458442342,3027.796504328383
2932.6220943988756,2282.7385435051915
2112.978246843297,2177.7653653381703
2603.0855307096995,2888.561363796557
2452.4750967609157,2077.6194452756026
2762.945193261948,2337.1076364279015
2242.739634064604,2755.729039415427
2762.9451932619513,1846.9421314222222
2380.469876449826,2508.108628773909
3021.328993018101,2177.7653653381703
2932.622094398881,2508.1086287739067
2681.824501104443,2127.103116981945
2112.978246843293,2392.7716644511133
2380.4698764498266,2691.6213852028077
3021.3289930181004,2127.1031169819485
1990.7246493617508,2957.3596331594863
2380.469876449823,1721.0189821393178
2846.519650269985,2449.7614696732285
3506.7725498681634,2567.845470509921
2452.47509676091,2888.5613637965553
3206.873658218374,2392.7716644511156
2310.5787455983605,2337.1076364279047
2112.978246843298,2282.7385435051906
2452.4750967609125,2567.845470509924
2380.4698764498235,2508.108628773908
2310.5787455983614,2957.359633159488
2050.94073038597,2229.6342610769393
1932.2765260167603,2392.7716644511133
2452.4750967609184,2282.738543505192
1875.5444527159773,2229.6342610769398
1932.2765260167598,2077.6194452756035
3021.328993018099,2821.3635767741102
2380.4698764498226,2229.6342610769398
2380.4698764498266,2629.0050936277544
2452.475096760915,2508.1086287739085
2380.4698764498266,1982.0787987952162
2603.085530709697,2282.738543505192
2380.469876449825,2691.6213852028045
2310.5787455983623,2177.765365338171
2310.5787455983623,1762.0093273665054
2380.469876449822,2629.0050936277516
2452.4750967609143,2077.619445275604
2050.940730385968,2508.108628773908
1875.5444527159773,1721.0189821393164
2603.085530709697,2821.3635767741102
2452.475096760912,2177.7653653381713
2452.4750967609098,2282.738543505189
1875.544452715977,2629.00509362775
2452.4750967609093,2392.7716644511142
1820.4780458442344,2821.3635767741107
2452.4750967609166,2282.738543505192
2452.475096760914,2567.8454705099202
1715.1480498666992,2629.0050936277526
2526.6583541912,2282.738543505192
2242.7396340646033,2127.1031169819476
1875.5444527159787,2029.2869325074394
3021.328993018101,2508.108628773906
1568.468733813061,1982.0787987952165
2242.7396340646,2567.845470509921
2526.658354191206,2508.108628773909
2452.4750967609166,2629.005093627752
2242.7396340646037,2177.76536533817
1932.2765260167585,2392.7716644511156
2603.0855307096977,2392.771664451112
2380.4698764498257,2229.634261076938
2112.978246843293,2337.107636427905
2380.469876449829,2691.621385202803
2242.739634064604,2508.108628773909
2526.658354191209,2229.6342610769398
2452.475096760915,2821.3635767741102
2452.4750967609207,2337.107636427905
1875.5444527159784,1982.0787987952167
2242.739634064601,2177.7653653381717
2526.658354191207,2629.0050936277494
2050.940730385968,2337.107636427903
2762.945193261939,2567.845470509921
4070.213387859019,2127.103116981948
2176.892294099964,2629.0050936277516
2112.978246843297,2127.103116981946
2112.9782468432954,2029.2869325074405
3206.8736582183687,2629.0050936277553
2603.085530709702,2392.7716644511147
2681.824501104441,2392.771664451116
2242.739634064603,2691.6213852028045
2526.658354191207,2077.619445275605
2176.8922940999632,2449.7614696732303
3112.719126506792,2392.7716644511156
2452.47509676091,2755.7290394154293
2452.4750967609184,2282.7385435051924
2846.5196502699887,2077.6194452756054
3950.711007552277,2282.7385435051906
2932.622094398873,2449.76146967323
2526.6583541912055,2177.765365338169
2846.519650269984,2449.7614696732317
2762.945193261942,2282.7385435051933
2452.4750967609207,2127.1031169819466
2242.7396340646014,1890.931649473633
2762.945193261947,2691.621385202806
2380.469876449824,2337.107636427906
1875.5444527159777,2127.103116981947
2603.085530709705,3405.9588477123007
2112.978246843297,2629.0050936277535
2526.6583541912096,2629.005093627751
2603.085530709698,2282.738543505192
2846.519650269986,2957.359633159488
2762.9451932619513,2449.761469673229
3021.3289930181086,2282.7385435051906
2310.5787455983586,2755.729039415427
1990.7246493617536,2691.621385202806
2526.6583541912064,2567.845470509921
2176.8922940999632,2821.3635767741102
2762.9451932619527,2282.7385435051915
2176.892294099962,2508.1086287739063
2310.578745598358,2177.7653653381717
2310.578745598362,2821.3635767741107
2176.8922940999614,2567.8454705099207
2380.4698764498303,1982.0787987952162
2681.8245011044405,2508.1086287739085
3021.328993018104,2392.771664451115
2452.475096760915,2957.359633159489
2681.8245011044373,2282.738543505193
1990.7246493617536,2392.771664451112
2452.4750967609157,3027.7965043283752
2452.4750967609198,2508.108628773908
1875.5444527159773,2508.108628773908
2452.4750967609125,2629.0050936277526
2452.4750967609184,2177.765365338171
2242.7396340646046,2392.7716644511156
2380.469876449826,2449.761469673231
2112.97824684329,2821.363576774111
2762.945193261948,2629.0050936277526
2050.940730385966,2337.107636427905
3021.328993018109,2077.6194452756044
1990.724649361752,2567.845470509921
2526.658354191207,2508.108628773908
2846.5196502699873,2888.561363796555
3403.81291926167,2337.1076364279043
1990.724649361752,2567.84547050992
2452.475096760912,2177.765365338171
3722.1290834341507,2629.005093627751
1820.4780458442356,2567.845470509923
1990.7246493617486,2077.619445275604
2242.7396340646014,2337.1076364279043
2176.8922940999587,2229.6342610769393
2380.469876449829,2449.761469673229
2762.945193261948,2337.1076364279065
2846.5196502699864,2449.7614696732285
3021.328993018105,2691.621385202807
2603.085530709703,2449.7614696732294
2176.8922940999632,2392.7716644511147
2603.085530709703,3099.911004678525
2452.4750967609098,2282.738543505193
2380.4698764498257,2691.621385202804
2762.9451932619486,2449.7614696732307
2932.622094398881,2508.108628773909
3722.1290834341553,2508.108628773909
2242.739634064603,2337.107636427904
2310.5787455983645,1982.0787987952167
2242.739634064603,2888.5613637965553
2603.0855307097004,2957.359633159491
3206.873658218375,2127.103116981946
2603.085530709693,2127.103116981947
2176.89229409996,2629.0050936277526
2112.9782468432936,2449.7614696732285
2242.7396340646014,1890.9316494736318
3112.7191265067872,2282.738543505192
2112.978246843295,2508.1086287739104
2310.5787455983636,2629.0050936277516
1767.028401060627,2567.845470509923
3112.7191265067963,1935.9688872480756
1820.4780458442356,2229.6342610769398
2380.469876449827,2282.73854350519
3206.8736582183783,2177.76536533817
3950.7110075522783,2449.7614696732307
3021.3289930181013,2821.3635767741107
3403.812919261677,2029.2869325074391
2603.085530709693,2691.621385202806
2846.5196502699787,2449.7614696732317
2310.578745598362,2567.845470509919
2526.658354191199,2337.1076364279043
3206.873658218373,2229.634261076938
2310.5787455983586,2077.619445275603
1990.7246493617533,2229.6342610769398
2452.475096760912,1982.0787987952156
2452.475096760912,1890.9316494736318
2603.085530709693,2229.6342610769384
2603.0855307097027,2821.363576774112
2452.475096760911,1803.9759595604735
1932.2765260167591,2508.108628773908
2681.8245011044455,2508.108628773909
2681.824501104439,2957.359633159489
2846.51965026999,2177.7653653381703
2762.945193261945,2629.005093627747
2310.578745598361,2567.845470509921
2846.5196502699814,2691.621385202808
2932.622094398879,2567.8454705099225
2681.8245011044346,2957.3596331594877
2310.5787455983664,2029.2869325074398
2681.8245011044432,2629.0050936277516
1875.5444527159782,1890.9316494736318
1932.2765260167582,2821.3635767741102
2681.824501104446,2629.005093627751
2242.7396340646033,2508.1086287739067
2526.658354191203,2755.7290394154275
1990.7246493617533,3027.796504328377
1932.2765260167587,2127.1031169819466
1990.7246493617536,3027.796504328376
2932.6220943988706,2229.6342610769384
1715.1480498666979,2821.3635767741093
2310.578745598366,1935.968887248076
2452.475096760914,2691.621385202803
2050.9407303859703,2229.634261076939
2932.6220943988815,3099.911004678522
2112.9782468432986,1982.0787987952176
2762.9451932619477,1982.0787987952158
3612.8465365765064,2821.363576774113
2452.4750967609143,2029.2869325074394
2762.9451932619477,2821.3635767741093
2603.0855307096963,1890.9316494736318
2762.94519326195,2337.1076364279047
2932.6220943988765,2755.729039415429
1990.7246493617536,2821.3635767741102
2112.978246843292,2508.108628773911
2242.7396340646005,1721.018982139317
2846.519650269978,2127.1031169819453
2176.892294099965,2392.7716644511124
2681.824501104445,2177.7653653381713
2176.8922940999614,2629.0050936277544
2846.5196502699846,2691.621385202806
2762.94519326195,2755.729039415428
3112.719126506789,2449.7614696732294
2452.47509676092,2957.359633159488
2242.7396340646014,2337.1076364279056
2846.5196502699814,1935.9688872480751
2681.8245011044373,2229.634261076937
3303.876206561571,1890.9316494736318
2112.978246843294,2629.005093627752
2050.940730385969,2449.761469673233
3112.719126506789,2957.3596331594863
2603.085530709694,2629.005093627751
2112.978246843296,2629.00509362775
2380.4698764498316,2449.7614696732294
2681.8245011044364,2282.738543505191
1990.724649361755,2449.7614696732294
2310.5787455983564,2282.7385435051915
2112.978246843292,2508.108628773909
1767.0284010606258,2508.1086287739063
2380.469876449829,2392.7716644511124
3112.7191265067863,2449.7614696732276
1932.2765260167578,2755.729039415424
1820.4780458442349,3099.9110046785204
2112.9782468432904,2337.107636427904
2681.824501104443,2449.7614696732303
2242.739634064604,2691.621385202804
2176.8922940999596,2691.6213852028072
3112.719126506785,2337.107636427905
2762.945193261949,2337.107636427904
2762.9451932619527,1982.0787987952162
2762.9451932619504,1982.0787987952176
2681.824501104445,2567.8454705099216
2681.8245011044423,2282.7385435051906
2681.8245011044437,2127.1031169819466
2310.57874559836,2337.107636427904
1932.2765260167582,2629.005093627752
2242.739634064601,2567.8454705099234
2452.475096760917,2691.621385202803
3403.8129192616643,2337.1076364279043
2681.8245011044414,2077.619445275603
2681.824501104435,2177.7653653381713
2242.7396340646014,2567.845470509921
2762.9451932619445,2337.107636427905
1932.2765260167587,2691.6213852028045
1715.1480498666979,2567.8454705099202
2762.9451932619486,3027.7965043283793
2932.62209439887,2282.738543505191
2526.658354191208,2755.7290394154265
2176.8922940999655,2629.005093627751
2452.4750967609193,2755.729039415428
2310.5787455983636,2691.6213852028077
2310.57874559836,3099.911004678524
2112.9782468432913,2392.7716644511142
2681.8245011044455,2629.00509362775
2242.739634064602,2508.108628773909
2932.6220943988756,2449.7614696732294
1767.0284010606279,2755.729039415427
2452.4750967609116,1935.968887248076
2452.475096760912,2821.3635767741093
2380.469876449828,2392.7716644511133
2452.4750967609184,2888.56136379656
2112.978246843293,3027.7965043283766
2762.9451932619486,2691.6213852028077
2846.5196502699864,2229.63426107694
2603.085530709698,2177.765365338172
3206.8736582183687,2567.8454705099216
2762.9451932619518,2449.7614696732294
2310.5787455983605,3027.7965043283775
2452.475096760918,2127.103116981947
2380.4698764498253,2077.6194452756026
2380.469876449831,2567.8454705099225
2681.8245011044364,2282.7385435051906
2681.8245011044355,2755.7290394154247
2603.085530709701,2449.7614696732317
1715.1480498666992,2888.5613637965575
2176.89229409996,2337.1076364279056
2603.0855307097027,2567.8454705099207
3021.328993018104,2567.845470509919
2310.57874559836,2629.005093627752
2112.9782468432927,2077.619445275603
2310.5787455983577,2629.005093627751
2846.5196502699887,2392.771664451114
2452.4750967609166,2229.6342610769393
2176.8922940999614,2888.561363796554
2242.7396340646037,2229.6342610769398
2681.8245011044423,2337.1076364279065
1932.27652601676,2177.7653653381713
1615.9122817640643,2567.845470509921
2380.469876449826,2392.771664451113
2176.8922940999596,2282.7385435051906
2452.4750967609157,2449.7614696732307
2603.085530709694,2449.7614696732303
2242.7396340646037,3326.724630941159
2452.47509676091,2567.8454705099252
2242.7396340646014,2229.6342610769384
3206.87365821837,2691.621385202805
2380.4698764498303,2821.3635767741107
2380.469876449828,2449.7614696732317
2603.085530709698,2508.1086287739085
2310.578745598365,2449.7614696732294
3612.846536576504,1982.0787987952165
2452.475096760915,2229.6342610769384
2310.578745598364,2177.765365338171
2603.0855307097004,2127.1031169819457
2932.6220943988706,2821.3635767741093
2380.4698764498303,3027.7965043283752
2380.469876449828,2888.5613637965575
3112.7191265067886,2888.5613637965566
1932.2765260167596,2029.2869325074391
2242.7396340646,2821.363576774112
2242.739634064601,2392.771664451113
3112.71912650679,2229.6342610769375
2310.578745598361,2177.765365338171
2380.469876449828,2127.103116981946
2050.9407303859684,2229.634261076939
1932.2765260167578,2821.363576774111
2242.739634064604,3027.796504328378
1990.7246493617524,3027.796504328377
2310.5787455983595,2229.6342610769393
1990.7246493617506,2629.005093627754
2310.5787455983586,2392.771664451113
3021.328993018102,2821.3635767741107
2526.658354191207,2337.1076364279033
2310.578745598361,2282.73854350519
2310.5787455983573,3027.796504328378
2526.6583541912014,2755.7290394154297
2846.519650269986,1982.0787987952162
2681.8245011044432,2392.771664451114
3834.717244002975,2567.8454705099225
2603.085530709693,2282.738543505191
1875.5444527159787,1890.9316494736331
2681.824501104435,2755.7290394154275
2452.4750967609148,2337.1076364279043
2526.6583541912046,2691.621385202807
2846.5196502699805,3249.3336722327454
2310.578745598361,2755.729039415425
2452.4750967609125,2957.3596331594886
2681.824501104448,2629.005093627754
2526.6583541912005,2229.634261076939
2932.6220943988765,2177.765365338169
2050.940730385969,3027.7965043283743
2526.658354191209,2282.7385435051924
2310.5787455983577,2282.738543505192
1715.148049866698,2029.2869325074391
1820.4780458442347,2229.634261076939
1932.2765260167582,2755.7290394154265
2380.469876449826,3027.7965043283743
2310.578745598361,2229.6342610769375
1875.5444527159798,2508.1086287739076
1990.7246493617542,2449.7614696732307
2452.4750967609175,2629.005093627752
2452.475096760914,2567.8454705099202
2242.7396340646,2888.5613637965566
2242.7396340646023,1935.9688872480763
2932.6220943988765,2177.76536533817
2681.824501104438,2567.8454705099234
2242.739634064601,2567.8454705099225
2452.4750967609098,2449.761469673229
3112.7191265068013,2691.621385202806
2603.0855307097054,2229.6342610769393
2932.6220943988765,2508.1086287739063
3303.876206561563,2888.561363796559
2242.7396340646023,2337.1076364279047
2932.622094398872,2127.1031169819457
2176.8922940999646,2392.7716644511133
2176.892294099961,2691.621385202803
2242.7396340646005,2229.6342610769398
1715.148049866698,2755.729039415427
2242.739634064599,2282.738543505192
1767.028401060627,2821.363576774111
2603.0855307097027,2691.621385202807
2762.945193261939,1982.0787987952165
2380.469876449826,2691.6213852028077
2681.824501104444,2567.845470509923
2380.4698764498303,2888.5613637965594
2310.578745598362,2127.1031169819466
2112.9782468432954,2567.8454705099225
1820.4780458442328,1935.9688872480738
1767.0284010606254,2449.761469673229
2242.7396340646023,2077.6194452756044
2242.739634064602,2888.561363796557
2310.57874559836,2392.7716644511133
2603.085530709699,2821.363576774113
2762.945193261942,2755.729039415426
2603.085530709694,2127.103116981947
2526.6583541912,1890.9316494736318
2846.519650269981,2508.1086287739063
2380.469876449821,1982.0787987952162
2762.9451932619545,2282.738543505191
2242.7396340646046,2177.7653653381717
2050.940730385966,2337.1076364279043
3206.8736582183747,2392.7716644511142
2603.085530709698,2567.8454705099216
2762.945193261949,3027.7965043283725
2681.824501104438,2755.7290394154297
2242.7396340646,2508.1086287739085
1990.724649361751,2629.005093627751
2762.9451932619454,3027.796504328375
1875.5444527159784,2337.107636427905
2176.892294099961,1890.931649473632
2681.8245011044432,2392.771664451114
3506.772549868167,2567.8454705099216
2681.824501104447,2755.729039415429
3021.328993018106,2629.005093627754
3021.328993018107,2077.619445275604
1875.5444527159777,3249.333672232746
3112.719126506792,2629.005093627754
2681.824501104435,2177.7653653381717
2526.658354191207,2392.7716644511106
2846.519650269978,3099.9110046785217
1875.5444527159787,2957.359633159486
2176.8922940999573,2282.7385435051906
3206.873658218374,2229.6342610769393
2762.945193261948,2177.765365338171
3112.7191265067886,2449.761469673231
2681.8245011044487,2508.1086287739063
2112.9782468432927,2567.845470509924
2932.6220943988783,2337.1076364279043
3021.328993018107,2127.1031169819457
3021.328993018104,2029.2869325074396
2603.0855307097017,2691.621385202805
2452.4750967609207,1935.9688872480765
3722.129083434153,2755.7290394154265
2380.469876449829,2127.103116981946
2762.945193261947,2229.634261076939
2603.0855307097,2888.561363796556
3021.3289930181036,1935.9688872480765
2310.578745598357,2957.359633159487
2380.4698764498235,2755.72903941543
2681.824501104444,2449.7614696732276
2176.892294099963,2691.6213852028027
3206.87365821837,2337.1076364279074
2681.824501104443,2449.7614696732335
2176.8922940999632,2567.8454705099216
2846.5196502699837,2821.3635767741116
2452.4750967609166,2888.5613637965566
3112.7191265067886,2229.6342610769398
2310.578745598356,2177.7653653381694
2452.475096760914,2888.5613637965553
3112.719126506788,2888.561363796558
3112.719126506796,2755.729039415429
2526.658354191204,2888.5613637965535
2681.8245011044437,2077.6194452756013
1664.79091744978,2392.771664451113
3403.812919261669,2629.0050936277526
2310.57874559836,2567.8454705099216
2603.085530709701,2449.7614696732303
2452.475096760912,2077.6194452756035
2681.8245011044414,2392.7716644511133
2932.622094398872,2508.108628773909
2310.5787455983605,2282.7385435051924
2526.658354191202,2127.1031169819457
3506.772549868175,2755.7290394154265
2050.940730385969,2888.5613637965566
2681.824501104445,2392.7716644511115
2050.9407303859666,2888.561363796558
2112.9782468432954,2567.8454705099225
1568.4687338130623,2337.1076364279024
1715.1480498666976,2392.771664451116
2310.57874559836,2127.1031169819453
2603.085530709703,2337.107636427904
2526.6583541912073,2629.005093627754
2526.6583541911987,2392.7716644511133
1932.27652601676,2282.738543505188
2112.9782468432936,2957.3596331594904
3021.328993018103,2821.363576774111
2603.085530709694,1982.078798795215
2526.6583541912014,2821.3635767741107
1664.7909174497784,2567.8454705099216
1715.1480498666976,2629.0050936277544
2050.94073038597,1982.0787987952158
2380.469876449823,3249.3336722327454
2526.6583541912037,2029.2869325074382
2681.824501104447,2282.7385435051906
2681.824501104449,2077.6194452756044
2050.9407303859675,2392.7716644511124
2846.5196502699887,2508.1086287739067
2526.658354191199,2508.108628773906
2526.6583541912064,2449.7614696732285
3021.3289930181045,2691.6213852028077
2681.824501104446,2077.6194452756035
2310.5787455983627,2449.7614696732294
2846.519650269987,2449.7614696732303
2681.824501104446,1935.9688872480756
2526.658354191203,2957.3596331594863
3834.7172440029694,2127.103116981947
2452.4750967609143,2029.2869325074407
2681.8245011044455,1935.9688872480756
2050.940730385968,2029.2869325074394
3206.873658218377,2957.359633159486
3403.8129192616693,2127.1031169819485
3112.7191265067836,2077.6194452756017
2310.5787455983645,1803.9759595604723
3021.3289930181018,2282.7385435051933
1990.7246493617536,2077.6194452756013
2846.5196502699887,2229.634261076939
2681.824501104444,2449.7614696732294
2112.978246843292,2755.7290394154293
2526.6583541912046,2177.76536533817
2681.824501104443,2177.765365338171
2176.8922940999632,2691.6213852028054
1990.7246493617529,2177.7653653381713
2310.5787455983605,3173.743091119184
2242.739634064601,2392.771664451113
2762.9451932619454,2392.7716644511142
3206.8736582183697,2337.1076364279056
2112.978246843292,2755.729039415428
2050.940730385968,2567.8454705099216
1767.028401060627,2337.107636427902
2846.5196502699873,3027.7965043283793
2846.5196502699887,2691.621385202806
2380.469876449829,2077.6194452756035
1875.5444527159764,2691.6213852028054
2526.658354191206,2755.729039415427
2932.622094398881,2127.103116981946
2932.6220943988815,2629.0050936277516
1932.2765260167591,2229.6342610769398
1932.2765260167596,2629.0050936277535
2762.945193261945,2282.7385435051915
2762.9451932619418,2392.7716644511147
2310.5787455983627,2691.621385202808
2380.469876449829,2282.738543505191
1875.5444527159764,2821.3635767741107
3112.7191265067913,2229.6342610769384
3303.876206561567,3249.333672232746
2846.519650269981,2229.6342610769384
2242.7396340646046,1890.9316494736318
2681.824501104447,2691.621385202806
3021.328993018106,2127.1031169819476
2310.5787455983636,1890.9316494736318
2526.6583541912046,2957.3596331594863
2681.8245011044346,2449.7614696732294
2526.6583541912037,2229.634261076938
2526.6583541912028,2337.1076364279047
2681.824501104444,2229.6342610769393
2452.4750967609175,2755.7290394154297
2380.4698764498266,2449.7614696732317
3303.8762065615715,2567.845470509921
2846.5196502699846,2755.729039415424
2681.824501104441,2888.5613637965566
2380.469876449829,2077.619445275603
2932.622094398875,2229.6342610769384
2762.9451932619454,2691.6213852028086
3021.328993018107,2177.76536533817
2762.9451932619513,2567.8454705099202
2452.4750967609157,2392.7716644511133
2526.6583541912,2282.7385435051933
2681.8245011044382,2567.845470509919
2603.085530709705,1721.018982139316
2050.9407303859684,2282.7385435051924
2526.6583541912055,2691.6213852028027
2380.469876449824,2755.729039415427
2603.085530709705,2077.6194452756054
3206.873658218381,2127.103116981947
2112.978246843293,2508.1086287739067
2176.8922940999614,2508.108628773908
2310.578745598363,2888.561363796555
3206.8736582183683,2337.107636427904
2176.892294099964,2337.107636427905
1990.7246493617502,2508.1086287739085
2681.824501104445,3099.9110046785213
2050.9407303859634,2337.107636427906
2242.7396340646005,2282.7385435051906
3206.873658218371,2392.771664451113
2846.519650269987,2957.359633159485
2380.4698764498257,2229.6342610769398
2176.8922940999605,2691.621385202807
2176.89229409996,2229.6342610769393
2526.658354191208,2392.7716644511142
1990.7246493617538,2888.561363796557
1932.27652601676,1982.0787987952165
2526.658354191208,3027.7965043283743
2452.475096760917,2957.359633159489
2681.824501104448,2957.359633159486
2762.945193261945,2449.761469673231
2762.94519326194,2449.7614696732276
2603.0855307097,2392.7716644511133
1568.4687338130607,2567.8454705099225
2603.0855307097027,1935.968887248076
1875.5444527159782,2127.1031169819466
2452.4750967609166,2755.729039415429
3403.8129192616752,2077.619445275603
2050.940730385969,2888.5613637965553
2603.0855307096936,3099.911004678523
1820.478045844233,2888.561363796558
3303.876206561569,1846.9421314222232
2452.475096760913,1890.931649473632
3206.8736582183724,2229.6342610769384
2452.4750967609166,2567.8454705099225
2452.4750967609175,2629.0050936277526
2452.4750967609143,2755.729039415426
2310.5787455983636,3326.724630941164
2681.824501104446,2392.771664451114
3506.772549868168,2755.729039415426
3403.8129192616693,2229.6342610769393
2526.6583541911987,3027.7965043283775
2380.4698764498276,2127.1031169819457
2526.6583541912005,2229.6342610769398
3021.328993018102,2691.621385202804
2932.62209439888,3027.796504328377
3021.328993018107,2282.7385435051924
3112.719126506788,2337.1076364279043
2762.945193261942,2127.1031169819466
3206.873658218369,2629.0050936277526
3612.8465365765064,2449.761469673231
2603.0855307097017,2508.1086287739063
2681.82450110444,2821.3635767741116
2310.5787455983645,2629.005093627752
2762.9451932619486,2629.0050936277535
2526.6583541912055,3173.743091119184
2603.085530709698,2449.761469673227
2932.6220943988833,2282.7385435051915
2681.8245011044455,2177.7653653381713
2846.519650269989,2508.1086287739063
2603.0855307097004,2229.6342610769384
2681.8245011044346,2567.845470509921
2762.9451932619486,2449.7614696732294
2310.5787455983595,2449.7614696732294
2112.9782468432927,2177.765365338169
2932.622094398882,2691.621385202806
3722.1290834341476,2392.7716644511133
3303.876206561562,2337.1076364279043
2681.8245011044382,2567.845470509921
1820.4780458442356,2567.845470509921
2310.578745598358,2127.103116981947
2526.6583541912,2449.7614696732317
2681.824501104441,2888.561363796555
2310.578745598361,2449.7614696732317
2762.945193261949,2337.107636427904
2932.6220943988765,2177.7653653381713
2310.5787455983573,2337.1076364279056
2310.5787455983614,1982.0787987952185
2932.6220943988806,2567.8454705099207
2603.085530709701,2282.738543505192
2932.622094398875,2629.005093627755
2380.469876449824,2449.7614696732307
1990.7246493617536,2229.634261076939
2176.892294099961,3099.9110046785217
2526.6583541912055,2177.7653653381703
2242.7396340646,2177.7653653381713
2846.519650269989,2888.561363796556
2112.9782468432927,2888.561363796559
2310.57874559836,2629.0050936277535
2526.658354191202,2127.1031169819485
2310.57874559836,2029.2869325074396
2932.6220943988765,1890.9316494736313
1990.7246493617536,2229.6342610769393
2380.4698764498226,2888.561363796557
2050.940730385969,2629.005093627751
3206.87365821837,2127.103116981947
2176.89229409996,2177.765365338169
2526.658354191204,2821.3635767741107
3506.772549868164,2392.7716644511115
2050.940730385967,1935.9688872480767
2380.4698764498226,2821.363576774112
2176.892294099964,2567.8454705099243
1820.4780458442322,2337.1076364279065
2526.6583541912046,2392.771664451113
2112.9782468432936,2282.7385435051906
2762.9451932619513,2392.7716644511156
3112.719126506785,2449.7614696732276
3403.8129192616834,2337.107636427904
2242.7396340646023,2337.1076364279065
1932.2765260167582,2282.738543505193
2681.8245011044346,2392.7716644511115
1990.72464936175,2691.621385202808
2762.9451932619513,2229.634261076938
2112.978246843294,2177.7653653381703
2452.4750967609198,2392.7716644511133
3206.8736582183697,2449.761469673231
3021.328993018103,2077.6194452756044
2310.5787455983636,2337.107636427904
2681.8245011044414,2755.729039415425
2846.5196502699873,2888.561363796557
2176.8922940999573,1803.975959560472
2452.475096760914,2821.3635767741102
1932.2765260167603,2508.108628773911
3021.3289930181013,1982.0787987952167
1875.544452715978,2755.7290394154275
3021.328993018102,2282.7385435051906
2526.658354191207,2127.1031169819457
2603.085530709694,2821.363576774112
2176.8922940999596,1890.931649473632
2603.0855307097036,2567.845470509921
2846.5196502699837,2888.56136379656
2112.978246843292,2821.3635767741093
3612.846536576504,2127.103116981947
3206.873658218373,1803.9759595604737
2310.578745598359,2449.7614696732276
3206.873658218369,2392.7716644511147
3112.7191265067872,1982.0787987952165
2526.6583541912028,2337.1076364279047
1990.72464936175,2629.0050936277544
2603.085530709693,2567.8454705099216
2242.7396340646033,2567.8454705099225
1990.7246493617515,2691.621385202807
3112.719126506788,2282.738543505192
2176.89229409996,2229.6342610769398
3021.3289930181077,2691.6213852028086
2310.5787455983627,2821.363576774111
2176.892294099964,2449.7614696732307
3112.719126506785,2691.621385202807
2932.622094398881,2392.7716644511115
2846.5196502699887,2282.738543505189
3206.8736582183687,3405.958847712299
2242.7396340646014,2449.761469673229
3303.8762065615624,2449.7614696732307
2932.622094398879,2888.5613637965544
2681.824501104447,2629.005093627755
2762.9451932619536,2127.103116981946
2380.469876449828,3173.7430911191836
2603.0855307097,2337.107636427904
3722.12908343415,2282.738543505193
2452.475096760911,2888.5613637965553
2380.4698764498226,2629.005093627752
2380.469876449821,1982.0787987952165
2526.658354191204,2177.7653653381703
1932.2765260167582,2029.2869325074382
2762.945193261951,2957.359633159489
2762.9451932619504,2077.6194452756035
2762.9451932619504,2127.1031169819453
2176.8922940999605,2392.7716644511142
3112.7191265067945,2821.363576774112
1990.7246493617508,1982.0787987952176
3206.8736582183674,2337.1076364279047
2310.578745598361,2629.005093627752
2176.892294099963,2567.845470509919
2452.4750967609125,2229.6342610769384
2176.8922940999596,2508.1086287739076
2681.8245011044396,2177.7653653381713
2176.892294099964,2629.0050936277526
3112.719126506789,2127.1031169819457
2310.578745598361,2508.108628773906
1875.5444527159782,2029.2869325074391
3112.7191265067886,2567.845470509919
2242.7396340646014,2567.8454705099225
2681.8245011044423,2392.7716644511106
2681.8245011044414,2567.84547050992
2310.5787455983636,2508.108628773908
2762.945193261939,2177.7653653381726
2176.89229409996,2337.107636427905
2050.940730385966,2888.561363796556
1568.4687338130614,2337.107636427906
3206.8736582183765,2392.7716644511106
2176.8922940999623,2449.761469673229
2603.085530709702,3173.7430911191827
2526.658354191204,2449.761469673229
3206.8736582183737,2392.7716644511133
2846.5196502699887,2029.2869325074385
2932.622094398882,2177.76536533817
2932.622094398881,2029.286932507438
3021.3289930181063,2449.761469673229
1990.7246493617527,2449.761469673227
3206.873658218372,1935.9688872480763
2176.892294099962,2177.7653653381703
2932.622094398876,2177.7653653381713
3303.8762065615624,2755.729039415429
2762.9451932619527,2229.6342610769384
2603.0855307097027,2567.8454705099225
2681.824501104441,2282.7385435051915
3021.3289930181063,2567.845470509919
2242.739634064604,2229.6342610769393
3112.719126506799,2888.561363796557
2380.4698764498276,2508.1086287739085
1615.912281764063,2508.1086287739085
1932.2765260167569,2229.634261076941
2176.892294099963,1762.0093273665025
2932.6220943988815,2567.8454705099234
2603.085530709701,1890.9316494736324
2050.940730385965,3173.743091119185
3021.328993018113,1982.0787987952158
2380.4698764498307,2821.3635767741093
2176.8922940999596,2282.7385435051915
2310.5787455983636,2691.6213852028045
2242.7396340645987,2691.621385202806
2176.8922940999637,2337.107636427905
1820.4780458442333,2077.619445275603
2526.6583541912046,2077.6194452756035
2176.8922940999605,2392.7716644511142
2380.469876449826,2229.634261076939
2050.940730385967,2821.3635767741075
2681.8245011044455,2282.73854350519
3021.3289930181063,2629.0050936277526
2176.892294099962,2029.2869325074398
2176.892294099963,2177.7653653381713
2452.475096760911,2392.771664451112
2310.5787455983614,2392.771664451114
2762.945193261948,2127.1031169819476
2452.4750967609116,2691.6213852028027
2603.0855307097027,2029.2869325074385
2452.475096760915,2691.6213852028072
2932.6220943988774,2392.771664451115
2176.892294099959,1982.078798795218
2603.0855307096963,2821.3635767741107
2112.978246843294,2567.845470509921
2603.085530709694,2567.84547050992
3021.3289930181104,2229.634261076936
2380.4698764498266,2282.7385435051906
2526.6583541912046,2127.1031169819466
2050.940730385966,2392.7716644511156
2380.469876449826,2282.738543505189
2932.6220943988815,2567.8454705099243
2112.9782468432927,1982.0787987952165
3112.719126506789,2029.2869325074394
1990.7246493617513,2177.7653653381703
2526.6583541912028,2691.621385202802
2932.6220943988815,2282.738543505191
2380.4698764498226,3099.9110046785213
2526.658354191203,2508.108628773908
2762.9451932619486,2337.1076364279047
2846.519650269986,2567.8454705099216
2310.57874559836,2957.359633159491
1932.276526016759,2392.771664451114
2762.9451932619518,2077.619445275604
2762.945193261949,2449.7614696732285
2846.519650269988,2567.8454705099207
2176.8922940999623,2229.6342610769393
2452.4750967609175,2755.729039415429
2176.892294099962,2567.8454705099216
2310.5787455983595,2392.7716644511115
2762.945193261942,2629.005093627752
2603.085530709694,2077.619445275604
1615.9122817640637,2077.619445275604
2681.824501104445,2449.7614696732285
2603.085530709697,2282.738543505193
2762.945193261945,2755.7290394154265
2380.4698764498226,2888.561363796557
2452.475096760915,2755.729039415429
2050.940730385967,2755.729039415428
1875.5444527159773,2821.363576774111
3206.8736582183697,2127.103116981947
2681.8245011044382,2337.1076364279056
3506.772549868176,3027.796504328375
2452.475096760912,2888.561363796557
2242.7396340646037,2282.7385435051915
2526.6583541912055,2691.621385202807
3506.772549868168,2957.359633159488
2526.658354191206,2029.2869325074391
2380.4698764498276,1680.9822121150223
2380.46987644983,2229.634261076939
1932.2765260167582,2282.73854350519
2762.94519326195,2282.7385435051915
2050.9407303859675,2449.761469673233
2681.8245011044405,2691.6213852028077
2112.978246843295,1982.0787987952165
2762.945193261947,2127.1031169819457
3206.8736582183683,2629.005093627752
2762.945193261949,2077.619445275603
2762.94519326195,2392.771664451112
2681.82450110444,2077.6194452756044
2176.8922940999582,2888.561363796557
3722.1290834341467,2691.621385202807
1715.1480498666979,2449.761469673232
2681.824501104441,1890.9316494736318
2526.6583541912064,2755.7290394154275
2452.4750967609198,2392.7716644511142
1990.7246493617538,2821.3635767741116
2762.9451932619477,2127.103116981945
2846.519650269981,2508.108628773908
2242.739634064603,2755.729039415427
2176.8922940999632,2282.738543505192
2176.8922940999605,2392.7716644511147
2526.6583541912046,2888.5613637965544
2176.892294099963,2567.845470509923
2846.519650269989,2449.7614696732307
2452.4750967609143,2392.7716644511124
2242.739634064604,1935.968887248076
2452.4750967609148,2567.8454705099207
2932.6220943988806,2567.84547050992
3403.8129192616725,3249.333672232747
3206.8736582183737,2229.634261076941
1932.2765260167573,2567.845470509923
4070.2133878590275,2821.3635767741107
2452.4750967609157,2229.634261076939
1932.27652601676,2229.634261076938
2603.0855307097036,3742.22216534656
2932.6220943988783,2508.1086287739095
2452.4750967609093,2629.0050936277535
2176.892294099961,3405.9588477122975
2242.7396340646005,2449.761469673231
3021.3289930181004,2229.6342610769398
2932.6220943988765,2888.5613637965553
2603.085530709694,2029.2869325074403
2176.89229409996,2567.8454705099207
1568.468733813061,2629.0050936277516
2050.940730385969,2282.7385435051906
2452.4750967609116,2282.7385435051915
2762.945193261945,2229.6342610769407
1820.4780458442349,3027.7965043283775
2603.0855307096995,2449.761469673227
2452.475096760911,3027.7965043283766
2242.739634064603,2177.765365338169
3403.8129192616675,2392.771664451115
2242.7396340646023,2449.761469673228
2681.8245011044382,2508.1086287739076
2762.945193261949,1982.078798795217
1875.5444527159787,2629.0050936277535
3021.328993018102,2282.738543505193
3303.8762065615733,2077.619445275602
2603.0855307096995,2755.729039415427
1767.0284010606256,2567.845470509921
2242.739634064605,2508.108628773908
3303.8762065615624,2392.7716644511133
2310.578745598363,2177.7653653381713
2176.8922940999637,2508.108628773909
2242.739634064601,2177.7653653381726
2310.5787455983614,2177.7653653381713
1990.724649361751,2077.6194452756026
2176.89229409996,2229.6342610769393
2846.5196502699837,1982.0787987952165
2380.4698764498226,2508.1086287739104
2176.892294099962,2888.561363796559
2526.6583541912,2449.761469673232
1990.7246493617515,2127.1031169819466
3303.876206561563,2392.7716644511142
2452.4750967609184,2691.6213852028054
2452.4750967609193,2337.1076364279043
3303.876206561567,3249.333672232745
2112.978246843292,2691.6213852028077
2242.7396340646014,2392.771664451113
1932.2765260167569,2449.7614696732307
2112.9782468432923,2282.738543505191
2310.5787455983586,2127.1031169819466
2310.5787455983595,2077.619445275603
2846.5196502699887,2127.1031169819466
3021.3289930181036,2449.761469673229
2050.94073038597,2691.621385202806
2176.8922940999614,2888.5613637965603
2681.8245011044455,2177.7653653381703
2310.5787455983605,1890.9316494736327
2176.8922940999623,2127.1031169819457
2310.5787455983636,2029.286932507439
2681.8245011044405,2229.634261076939
1820.4780458442335,3099.9110046785195
2846.519650269984,3027.7965043283766
3112.719126506789,2567.845470509919
2242.7396340646014,2821.3635767741116
2242.739634064603,2127.103116981947
2242.7396340646014,2229.6342610769384
2526.658354191208,2691.6213852028045
2932.6220943988756,2077.6194452756035
2681.8245011044414,2392.771664451113
2112.9782468432973,2957.3596331594863
2176.892294099961,2337.1076364279056
2242.7396340645996,2508.108628773909
3506.772549868169,2392.771664451113
2526.6583541912087,2077.6194452756035
2762.94519326194,2337.1076364279047
2526.6583541912073,2029.286932507439
3206.8736582183683,1846.942131422223
2380.469876449828,2691.6213852028077
1820.4780458442349,2337.107636427906
3206.8736582183788,2691.6213852028086
2176.892294099961,2629.0050936277544
2452.475096760917,2821.3635767741116
2681.824501104439,2567.8454705099157
2932.622094398879,2508.108628773909
2176.892294099963,2629.005093627752
2526.6583541912073,2691.6213852028086
3021.3289930181045,2821.3635767741116
2932.622094398876,2888.5613637965575
2526.65835419121,2629.0050936277516
1990.724649361752,2177.765365338169
2526.658354191208,2755.7290394154293
1932.2765260167582,2029.286932507439
2762.9451932619486,2629.0050936277526
2310.5787455983627,2127.1031169819485
2762.945193261949,2392.7716644511142
2846.5196502699814,2508.1086287739063
2846.5196502699887,1890.9316494736315
2452.4750967609148,1982.078798795215
2846.519650269985,2691.621385202806
2176.892294099961,2629.0050936277526
2762.945193261949,2177.7653653381703
2310.5787455983627,2508.1086287739076
2932.6220943988756,2821.363576774109
3206.8736582183783,2691.621385202807
2452.47509676091,2029.286932507439
2526.6583541912005,2629.0050936277526
2380.4698764498266,2229.6342610769393
2452.4750967609175,2229.634261076939
2380.4698764498226,3570.133708163773
2846.5196502699887,2282.73854350519
2932.622094398882,2691.6213852028086
2452.4750967609184,3173.743091119184
2112.978246843292,2567.8454705099216
2526.6583541912028,2077.619445275603
2380.4698764498285,2392.7716644511147
3303.8762065615597,2449.7614696732307
2176.892294099961,2077.619445275603
2112.97824684329,2029.2869325074382
1990.7246493617538,2508.1086287739085
2932.622094398881,2127.1031169819453
1932.276526016757,2282.7385435051906
1990.7246493617488,2508.108628773911
2846.5196502699887,2449.7614696732326
2242.739634064603,2567.8454705099202
1932.2765260167573,2508.108628773906
2681.824501104445,2755.729039415428
1990.7246493617506,2449.761469673229
2762.945193261939,1890.931649473633
2050.9407303859666,2392.7716644511133
2603.085530709693,2127.103116981948
2242.739634064601,3099.9110046785236
2112.9782468432927,2508.1086287739085
2242.739634064605,2282.7385435051906
2762.945193261949,3027.7965043283775
2112.9782468432927,2449.7614696732294
2050.9407303859684,2567.845470509921
1820.4780458442349,2077.6194452756044
2681.8245011044382,2029.2869325074391
2526.658354191208,2508.1086287739076
2242.739634064603,2229.6342610769384
2452.4750967609125,2567.845470509921
2846.519650269992,2691.6213852028077
2603.085530709705,1890.9316494736313
2932.6220943988765,2392.771664451114
2176.8922940999582,2567.845470509921
2762.9451932619418,2177.765365338169
2310.578745598357,3173.743091119184
3021.3289930181018,2392.771664451113
3021.3289930181018,2629.005093627756
2176.8922940999614,2567.8454705099252
2846.5196502699864,2337.1076364279043
2932.6220943988737,2957.3596331594886
1715.1480498667017,3173.743091119185
2681.8245011044382,2392.7716644511147
2242.7396340646055,3099.9110046785217
2452.4750967609198,2029.2869325074385
2242.739634064599,1890.931649473633
2932.622094398879,2392.771664451116
3021.3289930181004,3027.796504328379
3112.719126506791,2449.7614696732303
2603.0855307097017,2337.107636427904
2681.8245011044414,1935.968887248077
1932.2765260167596,2629.005093627752
2932.6220943988783,2629.0050936277544
2452.4750967609157,2282.7385435051924
2050.940730385969,2821.3635767741116
2242.739634064604,2508.1086287739076
2526.658354191203,2508.1086287739076
2681.824501104446,2127.1031169819466
2846.5196502699837,2567.845470509919
1615.9122817640623,2567.845470509919
2846.519650269984,2821.363576774113
2310.578745598359,2282.738543505191
2762.945193261948,2755.729039415427
2681.8245011044464,2337.1076364279043
2050.940730385967,2392.771664451112
2846.5196502699887,2888.561363796559
2846.519650269984,2567.845470509923
2603.085530709694,2755.729039415429
2380.469876449825,2449.7614696732285
2112.9782468432904,2127.1031169819466
2310.578745598361,2337.1076364279056
2846.5196502699864,2508.1086287739063
2112.978246843294,3173.743091119183
2762.9451932619463,2337.107636427903
2932.62209439888,2337.1076364279056
2176.892294099963,2337.107636427905
2603.0855307097045,3742.2221653465635
2242.7396340646055,2282.7385435051906
2310.5787455983595,2629.0050936277526
3206.873658218378,2508.108628773909
2176.89229409996,3326.7246309411616
3612.8465365765064,2691.6213852028095
2762.9451932619395,2888.5613637965553
2176.892294099962,2229.6342610769393
3206.8736582183724,2077.6194452756044
2603.085530709698,2957.3596331594886
2603.085530709703,3173.7430911191836
3021.328993018106,1890.9316494736324
1875.5444527159766,2567.8454705099216
2380.469876449829,2282.7385435051915
1820.478045844234,2449.7614696732307
1820.4780458442358,3027.796504328374
2310.5787455983586,1982.0787987952185
1875.544452715977,2229.6342610769398
2242.7396340646005,2229.6342610769393
2603.085530709694,2888.5613637965566
1990.724649361751,2821.3635767741107
2762.9451932619427,2449.76146967323
2526.6583541912055,2077.619445275604
2380.469876449829,2127.103116981946
1715.1480498666997,2177.7653653381703
1990.724649361752,2282.7385435051915
2112.9782468432973,2029.2869325074398
3506.7725498681684,2282.7385435051933
2242.7396340645982,2177.7653653381717
3021.328993018109,1982.0787987952162
3303.8762065615642,2508.1086287739067
2681.824501104443,2691.6213852028077
2050.94073038597,2127.103116981947
2242.7396340645996,2127.1031169819466
2603.0855307097004,2691.6213852028027
1767.0284010606272,3027.7965043283766
2242.7396340645996,2337.1076364279047
2242.7396340646037,3099.911004678522
2452.4750967609157,2077.6194452756035
2681.8245011044414,2229.634261076939
2112.9782468432904,2691.621385202804
2242.739634064605,2691.621385202806
2050.9407303859675,2888.561363796555
2176.89229409996,2282.7385435051906
2452.4750967609166,2508.1086287739085
2310.57874559836,2957.359633159488
2380.4698764498307,3326.7246309411616
2176.8922940999614,2229.6342610769398
2380.4698764498285,2691.621385202808
3112.719126506788,2392.7716644511142
2603.085530709703,2449.7614696732307
3112.719126506793,2629.005093627752
2846.519650269992,2755.7290394154243
2310.57874559836,2449.7614696732303
2526.6583541912037,2755.7290394154275
2112.9782468432945,2567.845470509924
1875.544452715977,2508.108628773909
2762.9451932619477,2282.7385435051915
3206.87365821837,2282.7385435051906
2846.5196502699887,2755.729039415425
3506.772549868168,2229.634261076941
2452.4750967609125,2691.6213852028086
1932.2765260167575,2449.7614696732294
2603.085530709699,2629.0050936277516
2846.519650269982,2177.76536533817
3612.8465365765037,2508.108628773906
2846.519650269988,2029.2869325074385
2176.8922940999614,2449.7614696732303
2310.578745598359,2567.8454705099225
2526.658354191208,2449.7614696732285
2762.945193261946,2508.1086287739067
2050.9407303859666,2337.1076364279047
3403.812919261677,3655.165317183532
2380.469876449826,2127.1031169819466
1767.0284010606272,2567.8454705099207
3834.717244002976,2392.771664451113
2310.5787455983627,2449.7614696732294
1990.724649361754,1890.9316494736318
1875.5444527159784,2282.73854350519
2380.4698764498226,3173.743091119186
2310.578745598364,2029.2869325074391
2112.978246843297,2449.761469673232
2932.6220943988815,2449.7614696732317
2310.5787455983595,2337.1076364279047
2452.4750967609184,2282.7385435051915
2526.658354191202,2282.73854350519
2932.6220943988787,2821.363576774112
2932.622094398881,2337.1076364279043
2526.658354191199,2629.0050936277535
2603.0855307096995,2449.7614696732303
2242.7396340646014,2449.7614696732294
2112.9782468432945,2282.738543505191
1875.5444527159782,2821.363576774112
2452.475096760912,2177.7653653381703
2050.9407303859675,2337.107636427903
2681.824501104445,2282.7385435051888
2603.085530709701,2691.621385202804
2762.94519326195,3027.7965043283766
2932.6220943988774,2077.619445275603
2176.89229409996,2337.107636427905
2526.6583541912064,2229.6342610769366
2242.7396340646037,2337.1076364279056
2526.6583541912055,2508.1086287739063
2526.6583541912064,2755.729039415429
2452.4750967609175,2337.1076364279043
2176.8922940999573,2888.561363796559
3303.8762065615624,2567.8454705099207
2762.9451932619395,1846.9421314222225
2526.6583541912046,2449.761469673229
1990.7246493617529,1982.078798795215
2526.6583541912014,2337.1076364279056
2846.5196502699887,2337.1076364279033
2050.9407303859703,2229.63426107694
2380.469876449827,2337.1076364279056
1990.7246493617547,2282.7385435051915
2380.469876449822,2029.2869325074398
2380.46987644983,2282.7385435051915
2846.519650269988,2957.359633159489
2681.8245011044455,2957.359633159487
2452.4750967609143,2392.7716644511133
2176.892294099958,2392.771664451113
2452.4750967609157,2282.7385435051915
2932.6220943988765,2755.729039415428
2050.940730385969,2957.35963315949
2603.0855307096936,2392.771664451112
2681.8245011044437,3405.9588477123016
2452.475096760914,3027.796504328378
2681.8245011044455,2691.6213852028095
2380.4698764498285,2755.7290394154293
1820.4780458442344,2029.286932507439
2526.658354191199,2337.1076364279047
2310.57874559836,2567.845470509919
2762.9451932619395,2282.738543505191
2380.469876449824,2282.738543505191
2176.8922940999623,2629.0050936277544
2310.578745598361,2567.845470509924
2380.469876449825,2229.634261076938
2176.8922940999596,2337.107636427905
2681.824501104448,2282.738543505189
2681.824501104438,2029.2869325074385
2526.6583541912037,2957.359633159491
2310.578745598362,2077.6194452756044
2681.824501104444,2957.359633159487
2112.978246843294,3099.911004678521
1990.72464936175,2127.103116981947
2932.622094398881,2337.1076364279033
3206.8736582183687,2392.771664451115
2242.739634064601,2282.7385435051915
2603.0855307096954,2392.771664451113
2176.892294099962,2691.6213852028022
2932.6220943988774,2567.8454705099225
2112.978246843292,2127.103116981948
2681.8245011044455,2282.7385435051915
2681.824501104445,2888.561363796558
2452.47509676091,2029.2869325074391
3206.8736582183756,2127.1031169819444
2452.475096760914,2629.005093627755
3403.812919261672,1982.0787987952158
2112.978246843297,2629.005093627751
2526.658354191202,2629.005093627752
2603.085530709701,2229.6342610769398
2380.469876449826,2508.1086287739063
2380.4698764498244,2337.1076364279033
1990.7246493617547,2282.738543505192
2681.824501104439,2508.1086287739076
2452.475096760913,2508.108628773909
2846.519650269989,2077.619445275602
1990.7246493617506,2177.76536533817
2452.475096760911,2449.761469673231
3206.8736582183697,2029.2869325074382
2846.5196502699846,2077.6194452756044
2112.978246843295,2629.005093627752
2762.9451932619404,2392.771664451115
2932.6220943988787,3027.7965043283743
3403.812919261674,2337.107636427902
2176.892294099963,2337.1076364279056
2176.892294099961,2755.7290394154265
2603.0855307097027,2282.7385435051915
2846.5196502699873,2755.7290394154297
2050.940730385966,2337.1076364279047
2932.6220943988756,3405.9588477122998
1875.5444527159773,2392.771664451114
2452.475096760915,1982.0787987952178
3112.719126506792,2337.107636427904
2380.469876449828,1935.9688872480747
2380.4698764498266,2392.771664451112
2681.8245011044437,2508.1086287739054
2112.9782468432927,3655.165317183532
2112.978246843292,2629.0050936277526
1990.7246493617513,2282.738543505192
3112.719126506789,2755.729039415429
2526.6583541912005,2229.6342610769393
2603.085530709693,3099.9110046785236
2846.5196502699814,2449.7614696732285
3834.717244002972,2229.6342610769407
2526.6583541912028,2282.738543505191
2603.085530709698,2282.73854350519
2762.945193261946,2629.005093627754
1820.4780458442356,3027.796504328378
2526.658354191209,2957.359633159488
2310.5787455983595,2629.0050936277516
2380.4698764498294,2567.8454705099243
3612.846536576503,2127.1031169819457
2762.945193261949,2629.0050936277507
3303.8762065615656,2337.1076364279056
2846.5196502699896,2449.7614696732307
2112.9782468432963,2449.761469673233
2310.5787455983586,2821.3635767741075
2526.6583541912064,2888.5613637965566
2242.7396340645987,2691.6213852028045
2762.9451932619486,2337.107636427906
2380.4698764498285,2127.1031169819466
2932.622094398876,2821.363576774111
2050.9407303859684,2508.108628773908
2603.085530709701,2177.7653653381713
2452.4750967609125,2888.5613637965603
2932.622094398875,2821.3635767741107
2932.622094398882,2337.107636427904
2380.4698764498253,1846.9421314222234
2242.7396340646073,2282.73854350519
2310.578745598358,2449.761469673228
2242.7396340646037,2282.738543505192
2681.8245011044405,2508.108628773908
2526.6583541912064,2821.3635767741107
2452.4750967609157,3027.796504328376
1932.2765260167598,2957.3596331594877
2112.978246843295,2821.3635767741107
2242.739634064603,2337.1076364279043
2932.6220943988733,2629.0050936277516
2380.4698764498253,2077.619445275603
3112.719126506793,2177.7653653381717
2846.5196502699864,2392.7716644511142
2681.824501104444,2508.1086287739063
2681.824501104443,2821.3635767741116
2932.622094398876,1890.9316494736313
2452.475096760911,1982.0787987952176
2380.469876449826,2567.8454705099216
2176.8922940999614,2449.7614696732294
2846.5196502699864,2567.845470509919
2526.6583541912,3027.796504328379
3112.7191265067936,2449.7614696732307
2452.475096760911,2567.8454705099243
2603.085530709702,2957.3596331594918
1875.5444527159782,2957.359633159487
2380.4698764498294,2449.7614696732303
2050.940730385968,2567.845470509921
2310.578745598358,2755.7290394154275
2310.578745598364,2282.7385435051933
2112.978246843296,2755.729039415427
2380.4698764498257,2508.1086287739085
4320.171728075899,1935.9688872480767
1767.0284010606272,2177.76536533817
3506.772549868166,2077.619445275604
2681.8245011044432,2629.005093627752
2603.085530709693,1935.9688872480756
2681.824501104445,2337.1076364279047
2112.978246843297,2229.6342610769393
2603.0855307097027,2821.3635767741084
1875.5444527159782,2029.2869325074407
2681.824501104445,2282.7385435051906
2452.475096760914,2177.7653653381703
3021.328993018102,2508.108628773908
2762.945193261939,2957.35963315949
2242.739634064603,2508.1086287739063
2932.622094398886,2337.1076364279043
2112.9782468432945,2755.729039415428
2762.9451932619395,2957.3596331594886
2452.4750967609175,2821.363576774112
2762.945193261948,2508.1086287739076
2762.945193261942,2691.621385202808
2846.519650269992,2449.7614696732294
2176.89229409996,2567.845470509921
2050.9407303859693,2077.619445275602
2603.0855307097045,2449.761469673226
2176.892294099961,2508.108628773906
2176.8922940999582,2691.621385202803
3021.3289930181086,2629.0050936277507
3112.7191265067886,1982.0787987952153
3021.328993018103,2337.107636427905
2846.519650269985,2029.2869325074378
3303.876206561572,2888.5613637965566
2242.739634064603,2392.7716644511133
2603.0855307096967,2029.2869325074391
2380.469876449828,2957.3596331594845
3403.812919261673,2508.108628773911
2846.5196502699837,2127.1031169819457
2526.658354191207,2957.359633159483
3112.7191265067886,2127.1031169819476
2176.892294099962,2629.0050936277544
3112.719126506789,2449.7614696732294
2112.9782468432927,2282.7385435051915
2603.0855307096995,2508.1086287739076
2846.5196502699796,2508.108628773908
3303.876206561568,2229.634261076937
2762.9451932619404,2337.1076364279043
1615.912281764063,1982.0787987952176
2526.658354191208,1890.9316494736324
2310.5787455983586,2282.738543505191
2176.8922940999637,2449.7614696732303
2603.0855307097,1982.0787987952167
2310.5787455983627,2392.771664451114
2452.47509676091,2629.0050936277535
2050.940730385967,2567.8454705099207
2603.085530709698,2508.1086287739063
3021.3289930181036,2508.1086287739076
3612.846536576503,2567.845470509919
2452.4750967609148,2392.771664451115
1767.0284010606263,2177.7653653381703
2242.7396340646005,2337.1076364279056
1990.72464936175,2127.103116981948
2380.469876449825,2177.765365338171
2603.085530709694,2337.1076364279047
2526.6583541912055,2077.6194452756017
2050.9407303859684,2821.3635767741093
1990.7246493617513,2691.621385202805
1767.0284010606267,2029.2869325074398
3112.719126506796,2229.6342610769398
2380.4698764498226,2127.1031169819457
2681.8245011044382,2629.0050936277535
3506.7725498681657,2127.103116981947
2681.8245011044355,1846.9421314222222
3506.772549868169,2449.761469673228
2526.658354191208,2229.634261076939
2380.469876449827,2392.7716644511142
3403.8129192616793,2029.286932507439
2932.6220943988747,2282.738543505192
2932.6220943988837,2337.1076364279047
1990.724649361752,2691.621385202806
2112.978246843294,2077.619445275603
2526.6583541912014,2508.108628773908
2762.9451932619486,2392.771664451114
2846.5196502699905,2449.761469673228
3021.3289930181018,3173.743091119187
2452.4750967609193,2957.359633159485
2242.7396340646037,2888.561363796556
2603.0855307097054,2957.3596331594904
2380.4698764498276,2282.73854350519
2452.4750967609148,2177.7653653381713
1820.478045844234,2337.1076364279056
2603.085530709694,2449.761469673229
2050.9407303859703,1935.9688872480754
2310.5787455983595,2629.0050936277535
2452.475096760912,2449.7614696732303
2681.8245011044437,2077.619445275602
1715.1480498666988,2957.3596331594913
1932.2765260167582,3487.0802243189505
2681.8245011044432,2077.6194452756035
2452.475096760915,2392.771664451112
2681.8245011044405,2821.3635767741134
2176.892294099962,2755.7290394154297
1820.4780458442347,3249.333672232745
2452.475096760917,2229.6342610769398
2242.7396340646014,2449.7614696732294
3303.876206561572,2392.771664451115
2112.9782468432913,2629.0050936277535
2310.5787455983623,3405.958847712296
2526.6583541912064,2691.621385202807
2380.4698764498285,2629.0050936277516
2762.9451932619518,2957.359633159487
2452.475096760914,2821.3635767741107
2380.469876449826,2337.107636427905
2932.6220943988815,1982.0787987952162
2176.8922940999614,2508.1086287739063
1875.5444527159773,2691.6213852028077
3206.873658218373,2077.619445275605
2380.469876449829,2629.0050936277516
2452.4750967609098,2691.6213852028045
2603.085530709693,2508.108628773906
2176.8922940999582,2337.1076364279033
2681.8245011044414,2177.765365338171
2380.4698764498276,2029.2869325074391
2932.62209439888,2691.6213852028054
2112.978246843295,2821.3635767741116
2681.824501104441,2337.107636427906
2526.658354191204,2392.7716644511156
2603.0855307097027,1890.931649473631
2526.6583541912073,2508.108628773911
2176.8922940999605,2449.7614696732307
3021.3289930181036,2629.005093627754
2846.519650269984,2282.738543505191
2603.0855307096963,1982.0787987952178
2762.9451932619477,2077.619445275606
2526.6583541912055,2337.1076364279033
2176.8922940999632,2282.7385435051933
2380.469876449824,3027.7965043283775
3112.7191265067863,2629.005093627754
2932.6220943988756,1890.931649473631
2176.892294099961,2337.107636427906
2762.945193261953,1935.9688872480765
3021.328993018106,2567.845470509921
3612.8465365765014,1982.0787987952162
2681.8245011044414,3173.7430911191814
3021.3289930181018,2177.7653653381703
3403.8129192616775,2177.76536533817
2242.7396340646033,2282.7385435051888
3722.129083434148,2282.7385435051915
2380.469876449829,2567.8454705099225
2526.6583541912,2029.2869325074403
3112.719126506794,2177.765365338171
2310.5787455983614,2755.729039415428
2112.978246843297,2567.8454705099202
3021.328993018103,2177.7653653381713
2681.8245011044346,2392.7716644511133
2603.0855307096977,2282.738543505194
2310.57874559836,1803.9759595604733
2846.5196502699805,2691.6213852028077
2452.475096760912,1982.0787987952165
2603.0855307097027,2392.771664451114
2932.6220943988724,2755.7290394154275
2380.4698764498266,2127.1031169819466
2380.469876449828,2755.72903941543
2050.940730385966,2755.729039415429
1990.7246493617538,2282.738543505191
2050.9407303859666,2337.1076364279056
2762.9451932619477,1982.078798795215
2603.085530709699,2449.761469673232
1932.2765260167569,1982.0787987952165
2452.4750967609184,1935.9688872480742
1990.7246493617524,2508.1086287739067
2932.6220943988756,1846.942131422222
2932.6220943988856,1846.9421314222222
2846.519650269984,2508.1086287739085
2176.892294099962,1762.0093273665052
2310.5787455983605,2449.761469673229
2310.5787455983614,2077.619445275604
2762.945193261946,3099.911004678521
2681.8245011044455,2282.73854350519
2380.4698764498276,3326.724630941165
2380.4698764498294,1935.9688872480763
3206.8736582183815,2567.845470509919
2310.578745598362,2449.761469673233
2176.8922940999614,1846.9421314222245
2846.5196502699864,2888.5613637965544
2762.9451932619513,2508.108628773909
2681.8245011044437,2755.7290394154275
2112.978246843294,2282.7385435051915
2050.9407303859666,2282.7385435051897
2846.519650269987,2229.634261076937
2112.978246843297,2567.8454705099225
3112.719126506789,2127.1031169819466
2176.8922940999573,2567.8454705099225
2242.7396340646037,2508.1086287739076
2603.0855307096995,2888.5613637965566
2112.9782468432927,2029.2869325074394
3303.8762065615647,3173.7430911191836
2380.469876449824,2567.8454705099225
3206.87365821837,2229.6342610769384
2452.4750967609098,2229.6342610769384
2681.8245011044396,3027.796504328377
2681.824501104443,2508.108628773906
2176.8922940999637,2691.6213852028054
2310.5787455983623,2821.363576774112
1990.7246493617492,2337.107636427903
1990.7246493617527,1982.0787987952153
2310.5787455983614,2888.5613637965575
2112.978246843294,2691.6213852028086
1932.2765260167582,2691.621385202808
1932.2765260167585,2029.2869325074403
2242.7396340646037,3099.9110046785213
2452.4750967609125,2888.561363796555
2176.8922940999582,2229.6342610769398
1820.4780458442335,2629.005093627752
2846.5196502699873,2821.3635767741116
2603.0855307096995,2449.761469673228
2176.8922940999582,2449.761469673231
2846.519650269985,2337.107636427905
2932.6220943988815,2127.1031169819485
2112.9782468432954,2077.619445275602
2526.658354191199,1982.078798795217
2932.6220943988765,2392.7716644511133
2526.6583541912055,3099.9110046785245
2681.824501104445,2508.108628773909
2452.475096760915,2821.3635767741066
3206.8736582183697,2337.1076364279056
2762.945193261949,2567.8454705099216
2380.4698764498244,2177.7653653381713
2242.7396340646014,2229.634261076938
3112.719126506788,2691.621385202806
3403.8129192616725,2449.7614696732303
2310.578745598361,2508.108628773906
2526.6583541912,2567.8454705099202
2050.940730385969,2282.738543505192
2526.6583541912014,2508.1086287739054
1990.7246493617506,3249.3336722327454
2932.6220943988774,2888.561363796556
2380.469876449826,2337.1076364279043
2603.085530709697,2449.7614696732307
1715.1480498666988,1935.968887248076
1990.7246493617538,2755.729039415425
1875.5444527159782,2177.7653653381703
3206.873658218372,2629.0050936277507
2681.824501104443,2077.6194452756035
2681.824501104444,1680.9822121150212
2452.475096760915,2229.6342610769398
3834.7172440029776,2127.1031169819466
2932.6220943988747,2691.6213852028054
2242.739634064601,2337.1076364279047
2932.622094398881,3249.3336722327463
2452.47509676091,2508.1086287739104
2310.578745598357,2177.7653653381694
3303.8762065615633,2821.363576774108
2452.4750967609125,2821.3635767741116
2380.469876449829,1846.9421314222234
2452.475096760913,2508.1086287739085
2603.0855307097,2449.761469673232
2526.6583541911987,2957.3596331594904
2603.085530709693,2282.7385435051915
1820.478045844237,2392.771664451112
1820.4780458442349,2821.363576774112
3950.7110075522796,2229.6342610769384
3403.812919261671,2392.7716644511133
2310.5787455983586,2392.7716644511124
2310.5787455983627,2888.5613637965566
1932.2765260167596,2177.765365338171
1932.2765260167598,2282.7385435051915
3722.1290834341494,2691.621385202805
2310.578745598361,2691.621385202805
3303.876206561563,2337.107636427905
2112.9782468432945,2629.0050936277516
2846.519650269985,2282.7385435051915
1875.544452715977,2392.7716644511133
2452.4750967609116,3027.7965043283752
2112.978246843294,2449.761469673229
2526.6583541912,2755.7290394154275
2112.9782468432963,2077.619445275603
2762.945193261948,2282.738543505192
2176.8922940999614,1762.0093273665059
2846.5196502699782,1982.0787987952176
2452.475096760912,2449.7614696732303
2846.5196502699887,2177.7653653381703
3112.7191265067936,1803.9759595604723
2242.739634064602,2449.7614696732294
2681.824501104438,1890.9316494736327
2242.7396340646023,2282.738543505189
1990.7246493617486,2177.7653653381717
2846.5196502699887,1982.0787987952153
2603.0855307097045,2821.3635767741102
1875.5444527159764,1935.9688872480765
2176.8922940999605,2449.761469673228
3506.772549868168,2888.561363796559
2526.658354191202,2567.8454705099202
2526.658354191208,2755.729039415427
2762.9451932619445,2449.7614696732326
3303.8762065615624,2177.76536533817
3021.328993018103,2077.6194452756054
2112.9782468432923,2127.103116981946
1875.5444527159757,2337.1076364279065
3021.328993018107,3099.911004678526
2242.739634064605,2821.363576774113
2681.824501104435,2691.621385202806
2050.9407303859675,1982.0787987952162
2603.0855307096936,2449.7614696732307
2762.945193261947,2392.771664451114
3303.876206561562,2337.107636427904
2846.519650269988,2888.561363796556
2112.9782468432927,3099.911004678522
2112.978246843292,1846.9421314222216
2176.8922940999655,2229.6342610769384
2526.6583541912037,2337.1076364279043
2452.475096760915,2755.7290394154275
2846.5196502699932,2282.7385435051933
2050.9407303859675,2888.5613637965553
3506.7725498681652,2077.6194452756044
2681.8245011044405,2177.7653653381713
1932.2765260167598,2392.771664451113
2050.9407303859634,1982.0787987952172
2112.9782468432963,2127.103116981947
2526.658354191201,2229.6342610769384
2310.5787455983636,2077.6194452756044
2112.978246843294,1762.0093273665038
2310.57874559836,2337.1076364279047
2603.0855307097004,2449.7614696732285
2681.824501104435,2755.7290394154275
1932.276526016759,2337.1076364279047
2380.469876449822,2392.771664451114
2176.89229409996,2337.1076364279043
2310.5787455983627,2629.0050936277544
2452.4750967609157,1846.9421314222218
1990.7246493617522,2282.738543505191
2762.9451932619395,2392.771664451113
2176.8922940999614,2337.107636427905
3021.3289930181136,2755.7290394154293
2932.6220943988756,2691.621385202808
1875.544452715977,2449.761469673231
3112.7191265068,2888.561363796555
2681.82450110444,1935.9688872480765
3403.812919261673,1846.9421314222232
2603.085530709701,2567.8454705099202
2050.940730385965,2567.8454705099216
2452.4750967609093,2392.7716644511142
2452.4750967609166,2077.619445275605
2310.5787455983636,3173.7430911191823
2681.8245011044346,3249.333672232747
3112.7191265067872,2077.619445275604
1990.7246493617524,2029.2869325074407
3206.8736582183697,2691.621385202807
2932.6220943988787,2449.761469673229
2526.658354191208,1890.931649473632
2176.892294099959,3405.9588477123016
2176.8922940999673,2229.634261076939
2846.5196502699864,2077.619445275603
2112.9782468432954,2508.108628773909
2846.519650269992,2691.621385202804
2526.6583541912073,1982.078798795218
2526.6583541912046,2029.2869325074382
2681.824501104443,2567.845470509924
2310.5787455983605,2229.6342610769398
2176.8922940999573,2821.3635767741143
2846.519650269989,2337.107636427906
3021.3289930181036,2508.1086287739076
2112.9782468432954,2229.634261076939
2112.9782468432927,2691.621385202804
2681.824501104435,2282.7385435051924
2380.469876449827,2567.8454705099207
2242.739634064603,2821.363576774111
2452.4750967609157,2888.561363796555
2762.9451932619463,2392.7716644511142
2762.9451932619486,2449.7614696732317
3112.719126506783,2449.761469673228
2310.5787455983623,2567.8454705099216
2681.8245011044346,2029.2869325074405
1820.4780458442335,1803.9759595604728
2762.945193261949,2177.76536533817
2681.8245011044423,3027.796504328376
2681.824501104441,1890.9316494736333
2681.8245011044405,2629.005093627752
3112.719126506789,2449.7614696732285
2846.519650269987,2282.7385435051924
2846.519650269989,2229.6342610769393
2452.4750967609143,3099.9110046785217
2176.892294099964,2821.363576774113
2603.0855307097036,2755.729039415429
2452.47509676091,2029.2869325074407
2050.940730385966,2629.005093627752
2380.4698764498244,2127.103116981947
3206.8736582183697,3326.7246309411616
2452.4750967609148,2629.005093627754
2452.4750967609198,2449.761469673228
2242.7396340646014,2888.5613637965544
3112.719126506789,2229.6342610769384
2762.9451932619395,2392.7716644511133
2603.0855307096995,2029.2869325074394
2603.0855307096954,3249.3336722327444
2603.0855307097017,2392.771664451112
1990.7246493617522,2127.1031169819453
2932.622094398883,2449.761469673228
3021.328993018104,2691.6213852028054
1664.7909174497804,1935.9688872480742
1932.2765260167587,2629.0050936277516
2762.9451932619504,2392.771664451116
2603.0855307097054,2282.7385435051915
2762.9451932619418,2691.621385202805
2242.739634064603,2957.3596331594886
2762.945193261942,3027.796504328379
3303.8762065615633,2392.7716644511142
2526.658354191206,2755.729039415427
2050.94073038597,2127.103116981947
3021.32899301811,2508.1086287739076
2681.8245011044455,2691.621385202806
2762.9451932619395,2337.1076364279043
2050.9407303859675,2229.6342610769375
2681.82450110444,2821.363576774111
1820.4780458442342,2392.7716644511142
2242.7396340646055,2629.0050936277485
2176.8922940999637,2127.103116981947
2176.89229409996,3405.958847712299
3112.7191265067945,2392.7716644511156
2310.5787455983614,2888.561363796557
3403.812919261672,1982.0787987952167
2603.0855307097,2691.6213852028077
3834.7172440029744,2282.738543505189
2932.62209439888,2392.771664451112
3303.8762065615624,2392.7716644511133
2846.519650269984,2821.363576774111
2846.5196502699887,2282.7385435051915
2603.0855307096963,2029.286932507439
2526.6583541912073,2282.7385435051915
1990.7246493617506,2337.1076364279056
2526.6583541912087,3027.7965043283752
3506.7725498681707,2229.6342610769384
2762.9451932619404,2629.0050936277544
2603.0855307096936,1982.0787987952162
1664.7909174497795,2821.3635767741093
3021.3289930181013,2077.619445275605
2050.940730385968,3173.7430911191827
1820.4780458442342,2392.771664451113
2242.739634064602,1603.6811800936384
2846.51965026999,2229.6342610769384
1990.7246493617536,2077.6194452756044
2526.658354191203,2508.108628773908
2526.6583541912055,2077.619445275603
3021.3289930180986,2282.7385435051933
2176.892294099963,2229.6342610769398
2526.6583541912,2282.738543505192
2932.622094398878,2337.107636427903
2242.739634064603,2755.729039415426
3112.719126506788,2567.8454705099216
2452.47509676091,2888.5613637965607
1990.7246493617508,2077.619445275604
3112.7191265067854,2392.771664451114
2452.47509676091,2821.363576774111
4070.2133878590216,1846.9421314222222
2603.0855307097017,2337.107636427903
1664.79091744978,3027.7965043283743
2762.9451932619463,2337.1076364279043
3403.8129192616716,2282.738543505192
2050.940730385967,2755.7290394154247
2310.5787455983586,2755.729039415425
3303.8762065615615,2888.561363796559
3206.873658218369,2691.621385202805
2380.4698764498253,2449.7614696732294
2846.5196502699887,2821.3635767741102
1875.544452715978,2392.771664451112
2242.7396340646037,2567.8454705099234
2681.8245011044355,2691.621385202803
2310.578745598357,2229.6342610769384
2603.0855307096967,2449.761469673229
2762.9451932619486,2449.7614696732294
2112.9782468432904,2629.0050936277535
3206.8736582183747,2337.107636427908
2681.8245011044414,2392.7716644511156
2526.658354191206,2177.7653653381713
1875.5444527159766,2449.761469673231
2603.0855307096977,2888.561363796557
2526.6583541912037,2508.1086287739067
2526.6583541912055,2392.7716644511142
2310.578745598356,2508.1086287739076
2242.7396340646033,2177.76536533817
1932.2765260167569,2691.6213852028054
2112.9782468432973,2029.2869325074398
3021.328993018099,1982.0787987952156
1820.4780458442328,2629.005093627755
2526.658354191201,2755.729039415428
2603.085530709693,2177.7653653381694
2452.475096760917,2691.621385202808
3303.8762065615733,2508.1086287739063
1990.7246493617533,2755.7290394154247
2452.475096760915,2567.845470509926
2846.519650269981,2282.738543505191
3950.71100755228,2282.738543505192
2176.8922940999637,2337.107636427904
2050.940730385965,2508.108628773908
2380.4698764498276,2127.103116981947
2762.9451932619513,2629.0050936277535
2242.7396340646014,2508.108628773909
3950.7110075522864,2337.1076364279024
3021.3289930181063,2229.634261076939
2050.9407303859653,2755.7290394154275
2762.945193261943,2127.103116981947
1664.7909174497784,3099.9110046785195
3021.3289930181018,3487.080224318951
2452.4750967609098,3099.9110046785245
2762.9451932619477,2821.363576774113
2762.9451932619395,2392.771664451113
2380.469876449825,2691.6213852028086
2762.9451932619504,2127.1031169819453
3403.8129192616743,3027.796504328379
2050.940730385968,1982.0787987952165
2681.8245011044432,3027.796504328375
2603.085530709703,2077.6194452756044
2380.4698764498257,3027.796504328377
3021.3289930180995,2449.7614696732303
3021.328993018104,2282.7385435051915
2242.7396340646037,2691.621385202805
2380.469876449822,2229.63426107694
2242.7396340646023,1982.0787987952153
2452.4750967609143,2337.1076364279056
2176.8922940999623,2282.738543505192
2603.0855307096936,2821.3635767741084
2112.9782468432927,2229.6342610769398
2603.085530709699,2229.6342610769393
2242.7396340645982,2392.7716644511147
3206.87365821837,2229.6342610769393
1932.2765260167573,2691.621385202807
2762.94519326195,2029.2869325074385
2526.6583541912005,2282.7385435051915
3303.876206561558,3655.1653171835337
3206.8736582183683,2449.7614696732285
3112.7191265067854,2888.561363796557
2112.978246843293,2821.363576774111
2380.469876449828,2449.7614696732307
2603.085530709702,2449.761469673229
3403.8129192616793,2449.7614696732317
2681.8245011044346,2392.7716644511142
2681.824501104443,2629.0050936277544
2846.5196502699837,2957.35963315949
2932.622094398876,2449.761469673229
2452.4750967609157,2337.1076364279065
2603.085530709703,2177.7653653381713
2310.578745598358,2282.738543505192
2176.8922940999582,2229.6342610769407
2932.6220943988787,2029.2869325074398
2050.9407303859684,2229.6342610769375
2380.469876449828,3655.1653171835314
2176.8922940999587,1982.0787987952185
2932.622094398881,2029.286932507439
2762.94519326195,2821.3635767741107
2310.5787455983614,2337.1076364279043
2932.622094398882,2392.7716644511147
3021.3289930181018,2337.107636427906
2050.940730385968,2337.107636427905
2242.739634064601,1890.9316494736324
2603.0855307097017,2755.7290394154243
2310.578745598364,2282.738543505192
2380.4698764498294,2392.7716644511133
2762.9451932619518,2177.765365338171
3403.812919261675,2127.1031169819476
2242.7396340646014,2821.3635767741116
1767.0284010606258,2282.7385435051924
2681.8245011044405,1935.968887248076
2176.892294099961,2392.7716644511133
2242.739634064602,3099.911004678523
3303.876206561565,2957.3596331594877
3403.8129192616702,1890.9316494736313
2242.739634064606,3099.911004678524
2242.7396340646005,2077.6194452756044
2846.5196502699887,3027.796504328376
2526.6583541912046,2282.738543505191
2603.0855307097027,2127.103116981946
2681.8245011044396,2229.6342610769398
2846.5196502699887,2449.7614696732294
2050.940730385968,2508.1086287739076
2603.085530709703,2755.7290394154265
3612.8465365765,2337.1076364279056
2242.7396340646005,2127.1031169819466
1932.27652601676,2508.1086287739085
2846.5196502699914,1982.078798795217
1875.5444527159777,2177.76536533817
2762.9451932619395,3405.9588477122975
2681.824501104444,2392.7716644511147
2603.0855307096995,2567.8454705099216
2112.9782468432923,2077.6194452756044
2112.9782468432936,2077.619445275604
1615.9122817640646,2337.1076364279043
1932.2765260167582,2449.7614696732303
2932.622094398878,2229.6342610769384
3303.876206561569,2449.7614696732307
2112.9782468432945,2567.8454705099225
2380.4698764498253,3173.7430911191877
2050.9407303859675,2229.6342610769398
1715.1480498666976,2629.0050936277535
2176.8922940999614,2229.6342610769384
2310.5787455983595,2755.729039415425
3403.812919261673,2957.3596331594863
2452.4750967609175,2229.6342610769384
2310.578745598361,2821.3635767741116
2603.085530709693,2392.771664451113
2452.4750967609157,2567.845470509921
3112.7191265067836,2392.7716644511124
2762.945193261948,2229.6342610769398
2310.5787455983573,2337.1076364279056
2310.5787455983595,2691.621385202805
2452.475096760917,2282.7385435051915
2380.4698764498235,2177.765365338173
2452.4750967609175,2392.7716644511147
2932.6220943988765,2508.1086287739067
2242.7396340646023,2691.621385202806
2380.469876449823,2691.621385202807
2310.5787455983586,3173.7430911191836
3303.8762065615715,2508.1086287739104
3403.8129192616684,2821.3635767741102
3021.3289930181068,2282.738543505192
2380.4698764498226,2229.6342610769407
1820.4780458442333,3570.1337081637757
1990.7246493617506,2629.0050936277535
2452.475096760911,2229.634261076939
2112.9782468432945,3099.9110046785195
2380.4698764498226,2337.107636427903
2112.978246843294,2127.1031169819453
2242.7396340645982,1982.0787987952162
2932.6220943988783,2077.619445275603
2762.9451932619427,2077.619445275606
2380.469876449825,2177.7653653381713
2310.5787455983614,2508.108628773909
2603.0855307097045,2127.103116981947
2112.9782468432927,2508.1086287739067
3206.8736582183747,2691.6213852028077
2310.578745598363,2077.619445275603
2176.892294099961,2337.107636427905
3303.8762065615597,3099.911004678522
3112.719126506789,2282.738543505192
2603.0855307097017,2177.7653653381703
2112.9782468432913,2127.103116981947
3303.8762065615683,2337.1076364279047
3612.846536576503,2567.8454705099243
2452.47509676091,2282.738543505192
2310.57874559836,2337.1076364279074
3303.876206561566,2691.621385202807
3303.876206561563,1762.0093273665047
2112.9782468432945,2888.5613637965575
3206.87365821837,2755.7290394154265
2380.4698764498303,2508.108628773908
2762.9451932619395,2567.8454705099207
2050.940730385966,2567.845470509923
2050.940730385969,2282.7385435051915
2846.5196502699837,2755.729039415429
3112.7191265067886,2508.108628773911
2846.5196502699864,2449.7614696732317
1932.2765260167569,2449.7614696732294
2603.085530709705,2821.3635767741157
3021.328993018109,2691.6213852028045
2380.4698764498226,2508.1086287739067
2242.7396340646005,2337.107636427905
2452.4750967609125,2508.108628773905
2310.578745598361,2127.1031169819457
2603.0855307097036,2629.005093627754
2176.8922940999646,2691.621385202805
2846.5196502699782,2508.1086287739076
2603.0855307097,2392.7716644511147
2452.4750967609198,2888.561363796556
1990.7246493617538,2127.1031169819457
2932.622094398876,2282.7385435051906
1990.724649361754,2449.761469673227
3112.7191265067945,2229.6342610769375
2310.57874559836,2449.7614696732294
2603.0855307097027,2755.729039415428
2932.6220943988806,2077.619445275606
1990.7246493617529,2629.0050936277526
2242.7396340645982,2127.103116981947
1767.0284010606288,2755.7290394154297
1990.724649361754,2177.7653653381703
2846.5196502699796,2392.7716644511142
2526.6583541912096,2629.005093627755
2050.9407303859675,2337.1076364279056
2242.7396340646014,2077.6194452756044
2176.89229409996,2629.0050936277516
2452.475096760911,2567.845470509921
2050.940730385964,2177.76536533817
1932.276526016761,2629.005093627752
2762.945193261949,2229.6342610769398
2846.5196502699896,3326.724630941163
2603.0855307096954,2691.621385202807
1990.7246493617513,2449.7614696732303
2242.7396340646046,2888.5613637965566
3021.3289930180995,2508.1086287739113
3403.812919261675,2691.621385202805
2846.51965026999,2177.7653653381703
2380.469876449828,2392.7716644511147
2846.519650269989,2177.7653653381717
2603.0855307097045,2567.8454705099243
1715.1480498666967,2629.0050936277516
3021.328993018103,2392.7716644511156
3021.3289930181086,2567.8454705099225
2176.892294099963,1982.0787987952176
2112.9782468432954,2029.2869325074391
2526.6583541912028,2077.619445275605
2526.658354191211,2567.845470509917
1820.4780458442333,2508.1086287739095
1990.7246493617536,2337.1076364279047
2310.578745598357,2567.8454705099202
2112.9782468432963,3487.0802243189514
2242.7396340646014,2449.7614696732307
2762.94519326194,2567.8454705099225
2050.940730385967,2567.845470509923
2846.5196502699837,2127.1031169819453
2603.085530709699,2821.3635767741116
2846.519650269978,2337.107636427905
2681.824501104444,2282.7385435051915
2526.6583541912087,2177.765365338169
2452.475096760915,2567.845470509921
2932.6220943988806,2629.0050936277485
2310.578745598358,2691.621385202807
2846.51965026999,2449.7614696732285
2526.658354191203,2691.621385202807
2846.5196502699887,2567.845470509921
2681.8245011044464,2177.7653653381703
2603.0855307097045,2821.3635767741116
1664.7909174497795,3099.911004678523
2603.085530709694,2449.761469673231
2846.5196502699905,1762.009327366505
2050.940730385968,3742.222165346561
2242.739634064603,2229.6342610769398
2242.7396340645996,2508.108628773909
2603.0855307096995,2821.3635767741107
2762.9451932619395,2392.771664451114
1990.7246493617515,2029.2869325074391
3206.87365821838,2957.359633159486
2603.0855307096995,2755.729039415427
2050.9407303859653,2392.771664451113
3206.8736582183756,3027.796504328374
2176.89229409996,2337.107636427905
2603.0855307097054,2229.6342610769398
2112.9782468432963,2392.7716644511147
3403.812919261678,2567.845470509923
2846.519650269989,3173.743091119185
2762.9451932619454,1721.018982139316
2310.5787455983614,1890.931649473633
2762.9451932619463,2177.76536533817
2846.519650269984,2077.619445275603
2380.4698764498266,2888.5613637965553
2112.9782468432927,2229.634261076937
2932.622094398881,2567.8454705099225
2603.0855307097004,3027.796504328377
2242.739634064601,2755.7290394154265
1875.5444527159768,2888.5613637965566
3303.8762065615683,2629.0050936277526
2310.578745598359,2282.738543505193
2526.658354191207,2229.6342610769407
2681.824501104445,2755.72903941543
2681.8245011044382,2508.108628773908
2452.475096760912,2449.7614696732294
2932.622094398879,2508.1086287739063
2452.4750967609148,2567.8454705099207
2846.519650269988,2229.6342610769398
2380.469876449825,2508.108628773909
2846.5196502699887,2508.108628773908
2526.6583541912096,2691.621385202806
2681.824501104444,2282.7385435051915
1767.028401060626,2821.3635767741116
2380.469876449828,2077.6194452756054
2526.6583541912087,2392.7716644511147
2112.9782468432936,1803.9759595604746
2310.578745598361,2629.0050936277544
2452.4750967609184,1982.0787987952172
2176.8922940999655,3099.9110046785213
3021.328993018105,2567.8454705099225
3021.3289930181104,2337.107636427905
2681.8245011044396,2508.1086287739067
2452.4750967609148,2392.7716644511133
2112.9782468432927,2337.107636427905
2310.5787455983595,2337.107636427906
3112.7191265067945,2229.634261076939
1715.1480498666995,2337.107636427905
3206.873658218372,2392.7716644511115
3021.328993018102,2337.107636427905
1715.148049866698,3099.9110046785217
1932.2765260167587,2029.2869325074396
2242.739634064601,3249.3336722327454
3612.8465365765014,2888.5613637965575
2932.622094398876,2691.6213852028077
2762.945193261949,2508.1086287739067
2112.9782468432954,2691.6213852028072
2681.824501104435,2888.561363796555
2380.4698764498307,3027.796504328378
2526.6583541912055,3487.0802243189555
2050.940730385964,2282.7385435051915
2242.739634064602,3742.222165346561
2846.5196502699837,2957.3596331594886
2112.9782468432904,2449.76146967323
2176.8922940999623,1762.0093273665054
2310.57874559836,2888.561363796556
2242.739634064601,2229.6342610769398
1875.5444527159764,2567.8454705099234
2452.4750967609157,2229.634261076938
2846.5196502699887,2029.2869325074403
2242.739634064603,2449.7614696732307
3112.7191265067904,2229.6342610769375
3021.328993018104,2691.621385202804
2526.658354191204,2449.76146967323
2452.4750967609143,2691.6213852028095
2452.475096760917,2337.107636427905
2846.5196502699873,2127.103116981948
2112.9782468432954,1935.9688872480776
2932.622094398876,2177.765365338171
4070.2133878590166,2567.8454705099216
2762.945193261947,1762.0093273665047
2176.892294099963,1982.0787987952176
2846.519650269988,2337.107636427905
3021.328993018101,2508.1086287739095
2526.658354191199,2127.1031169819466
3021.328993018102,1982.0787987952162
2452.4750967609193,2392.7716644511106
2681.824501104437,2821.363576774111
2380.4698764498257,2821.3635767741116
2310.5787455983595,2449.761469673229
2112.9782468432945,2567.8454705099216
2380.4698764498253,2177.76536533817
2310.5787455983564,2567.845470509919
2380.469876449822,2229.6342610769398
2603.0855307097027,2449.761469673229
3021.328993018102,2508.108628773909
2603.0855307096967,2567.8454705099207
2452.4750967609116,2449.7614696732317
2452.4750967609143,2567.845470509923
2526.658354191207,3405.9588477122966
1820.4780458442344,2449.7614696732294
3021.3289930181063,2229.63426107694
2242.7396340646014,2755.7290394154293
2603.085530709698,2177.7653653381703
2176.892294099963,2691.6213852028054
2603.085530709703,2392.771664451114
2526.6583541912064,2077.619445275603
2050.940730385966,3027.796504328377
2050.940730385964,2821.3635767741107
2526.658354191208,2282.7385435051915
2681.824501104444,2337.1076364279065
2380.4698764498253,3249.3336722327454
1932.2765260167578,2229.6342610769393
2846.5196502699905,2029.2869325074403
1932.2765260167582,2392.7716644511133
2603.085530709703,2567.84547050992
1875.5444527159752,2449.7614696732303
2603.085530709703,2755.7290394154275
3021.3289930181086,2755.7290394154275
2762.9451932619518,1890.931649473632
2242.7396340646046,2282.7385435051915
2242.7396340646,2821.363576774109
1990.7246493617529,2567.845470509923
3303.8762065615624,2337.1076364279047
2176.8922940999573,2755.7290394154265
2310.57874559836,2508.108628773911
3112.719126506788,2282.7385435051906
2681.8245011044423,2337.1076364279043
2846.5196502699887,2177.7653653381703
3112.7191265067936,3249.3336722327463
2452.4750967609184,2392.7716644511133
2452.4750967609143,2755.7290394154265
2380.4698764498266,3405.958847712299
2112.978246843294,2337.1076364279043
2846.5196502699846,2077.619445275604
3021.328993018102,3326.724630941162
2526.658354191201,2449.7614696732303
2846.519650269987,2392.771664451112
2846.51965026999,2127.1031169819466
2112.978246843294,2282.738543505191
2526.6583541912028,2029.2869325074407
2526.65835419121,1935.9688872480765
1932.2765260167585,2567.845470509923
2380.4698764498266,2077.619445275606
2310.578745598361,2567.845470509921
2603.0855307097017,2282.7385435051915
1664.790917449779,3027.796504328376
2380.4698764498235,2508.108628773906
1820.4780458442353,2567.845470509919
2310.578745598361,2229.634261076941
2762.9451932619436,2508.108628773909
2932.6220943988783,2691.6213852028086
2603.085530709693,2821.363576774109
2176.8922940999587,1890.9316494736318
2242.7396340646023,3173.7430911191877
2681.824501104441,2629.005093627752
2762.945193261946,2177.765365338171
2112.978246843293,2755.729039415428
3303.876206561562,2337.1076364279043
2526.658354191208,2127.1031169819457
2762.945193261949,2755.729039415426
1767.0284010606256,2337.1076364279047
2380.4698764498235,2449.7614696732303
2310.578745598361,2567.8454705099216
2526.6583541912037,1890.9316494736318
2846.5196502699887,2449.7614696732307
2932.6220943988765,2177.7653653381713
2526.6583541912,2177.76536533817
2603.0855307097027,1846.9421314222234
2603.085530709705,2691.621385202804
2846.5196502699873,2337.107636427905
3021.3289930181077,1982.0787987952183
2526.6583541912087,2508.1086287739067
3206.873658218375,2508.1086287739067
3403.8129192616766,2177.7653653381703
2380.4698764498226,2392.7716644511147
2050.940730385967,2337.1076364279043
2526.6583541912028,2567.845470509923
2603.085530709703,2755.7290394154297
2603.0855307096995,2177.7653653381717
2526.6583541912046,2029.2869325074396
2452.4750967609175,2229.634261076939
2681.824501104446,2567.8454705099207
2452.4750967609098,2392.7716644511133
2452.4750967609143,2755.729039415424
3112.719126506789,2392.7716644511133
2380.4698764498226,2567.8454705099225
3021.3289930181063,2691.621385202806
1932.2765260167596,3173.743091119185
2846.5196502699905,2337.107636427902
1990.7246493617533,2127.1031169819457
3303.876206561563,2755.7290394154275
2932.6220943988774,1935.9688872480756
2452.4750967609207,2691.6213852028077
2526.658354191204,2127.103116981948
2603.0855307096977,1982.078798795217
2176.892294099961,3405.958847712299
2242.7396340646014,2691.621385202803
2526.6583541912037,1982.0787987952172
2526.6583541912037,2392.771664451113
2452.475096760912,2229.6342610769393
2603.0855307096936,2229.6342610769384
2380.4698764498226,1982.0787987952158
2242.739634064601,2508.1086287739067
3206.873658218369,2077.619445275604
1715.1480498666988,2029.2869325074385
2452.4750967609125,2755.7290394154265
1820.4780458442333,2821.3635767741102
3021.3289930181013,2392.7716644511142
2681.8245011044437,2629.0050936277526
2380.4698764498276,2392.7716644511156
2681.8245011044405,2177.76536533817
2846.519650269986,2392.771664451114
2176.8922940999614,2282.7385435051897
3112.719126506789,3405.958847712299
2932.6220943988756,2629.0050936277544
2452.4750967609148,2449.76146967323
2176.892294099962,2177.765365338169
2112.9782468432936,1846.9421314222245
2050.9407303859634,2229.6342610769384
2526.6583541912,2282.7385435051906
2846.519650269982,1935.9688872480756
2380.469876449826,3099.911004678524
3612.846536576503,2392.7716644511147
1767.0284010606279,1846.9421314222225
2242.7396340645982,2755.729039415428
2380.4698764498303,2127.103116981948
2380.469876449824,1890.9316494736315
2242.7396340646023,2821.363576774109
2681.8245011044437,2821.363576774111
2681.8245011044437,2888.561363796558
2846.5196502699887,1846.9421314222234
1932.276526016756,2821.363576774112
2176.89229409996,1982.0787987952142
1932.2765260167596,2282.7385435051915
2681.824501104446,3249.3336722327476
2846.5196502699823,2508.108628773909
3206.8736582183737,2629.0050936277526
2242.7396340646046,2077.6194452756035
1990.7246493617538,2567.8454705099207
2846.5196502699782,2567.8454705099234
2762.9451932619463,2029.2869325074405
2846.5196502699837,2392.7716644511147
2380.469876449826,2392.7716644511156
2452.4750967609125,2282.738543505193
3112.7191265067886,2821.3635767741107
3206.8736582183715,2337.1076364279056
1875.5444527159782,2957.359633159488
1932.276526016757,2888.561363796556
2452.475096760918,2392.771664451114
2310.57874559836,2888.561363796559
2452.4750967609125,2392.7716644511133
1820.4780458442349,2229.634261076939
2380.469876449828,2449.7614696732294
2176.892294099959,2392.7716644511147
3506.772549868166,2127.1031169819453
2176.8922940999623,1982.0787987952178
1932.2765260167614,2691.621385202806
2242.7396340646,2508.1086287739063
2932.6220943988806,3027.796504328379
2932.6220943988756,2282.738543505192
2846.5196502699796,2508.108628773908
2380.4698764498266,1935.968887248077
2242.739634064605,2508.108628773908
2452.4750967609175,2691.621385202806
2112.9782468432963,2337.1076364279056
2112.9782468432927,2755.729039415426
2846.5196502699887,2691.621385202807
2681.824501104444,2392.771664451114
3403.8129192616702,2691.621385202807
2846.51965026999,2177.765365338169
2846.5196502699887,2229.6342610769384
2452.4750967609125,2337.107636427905
2762.945193261949,2888.5613637965566
2681.824501104445,2337.1076364279047
2452.4750967609143,1982.0787987952176
2526.6583541912014,2567.8454705099243
3112.719126506792,2755.729039415427
2050.940730385969,2629.0050936277516
2526.6583541912087,2629.005093627752
3021.328993018102,2449.761469673229
2380.469876449822,2077.619445275603
2452.475096760913,2957.3596331594877
3206.873658218369,2449.7614696732285
3206.8736582183697,2629.0050936277516
3403.812919261678,2508.1086287739067
2681.824501104435,2077.619445275604
2603.0855307096954,1982.0787987952165
2050.940730385969,2282.7385435051915
2176.892294099961,2029.2869325074385
2176.892294099961,1890.9316494736324
2380.469876449828,2337.1076364279047
2452.475096760914,2449.7614696732303
2242.7396340646,3173.743091119184
3112.719126506786,1982.0787987952167
2176.8922940999596,2127.1031169819457
2242.7396340646023,2392.7716644511147
2603.085530709701,2337.107636427906
3506.772549868168,2337.107636427905
2176.892294099961,2449.761469673231
4450.849675375016,2567.8454705099184
2050.940730385967,2449.76146967323
2176.8922940999605,2567.8454705099216
2846.5196502699887,2508.1086287739076
2242.7396340646014,2629.005093627754
2603.085530709697,2957.359633159491
2603.085530709694,2077.6194452756054
2452.475096760914,2888.561363796559
2310.5787455983623,2127.103116981946
2681.8245011044437,2337.107636427905
2112.978246843293,2127.1031169819476
2452.4750967609125,2229.6342610769393
2603.085530709702,2691.621385202808
2932.622094398883,2888.5613637965616
1820.4780458442347,2567.845470509921
2380.469876449829,2077.619445275604
1477.7196001991979,2337.1076364279043
2526.658354191206,2691.621385202803
2452.475096760915,2508.108628773908
3112.719126506794,2449.7614696732307
2176.8922940999614,2282.738543505192
3112.7191265067863,2177.765365338169
2932.622094398876,2337.1076364279056
3612.8465365765005,2077.619445275605
2242.7396340646073,2229.634261076938
1932.2765260167582,1935.9688872480774
2452.475096760917,1890.9316494736327
3021.3289930181063,2177.7653653381713
2176.8922940999573,1890.9316494736327
2310.578745598358,2821.3635767741116
2112.9782468432954,2508.1086287739076
2526.6583541912028,2282.7385435051906
2603.0855307096995,2629.005093627752
3021.3289930181004,2077.6194452756017
2681.8245011044437,2508.108628773909
2452.475096760911,2567.8454705099252
2681.8245011044346,2177.7653653381713
2452.47509676091,2755.729039415429
2762.9451932619463,2282.7385435051915
2681.824501104443,2821.3635767741116
2846.5196502699832,2177.76536533817
2762.9451932619477,2755.729039415428
3506.7725498681652,2077.619445275602
2526.6583541912064,2449.761469673229
3112.719126506786,2449.7614696732307
2050.9407303859666,2229.6342610769366
2526.6583541912046,2282.7385435051906
3612.8465365765037,1935.9688872480774
2846.519650269981,1846.9421314222225
2242.739634064604,2282.738543505192
2242.7396340645996,2508.108628773909
3021.3289930181036,2282.7385435051915
3506.7725498681684,2229.6342610769384
2681.8245011044382,2629.0050936277507
2176.89229409996,3027.7965043283766
2176.8922940999582,2392.7716644511142
2310.5787455983595,1890.9316494736318
2242.7396340646023,2449.7614696732307
2050.940730385968,2077.619445275603
3206.873658218371,2229.634261076939
2603.085530709699,3173.743091119185
2681.8245011044346,2567.845470509921
2681.8245011044373,2449.761469673232
2112.9782468432973,2282.73854350519
3021.3289930181077,2282.738543505191
2603.085530709703,2282.73854350519
2380.469876449826,2567.8454705099225
2526.6583541911987,2888.561363796556
1932.2765260167585,2508.1086287739113
1932.27652601676,2077.6194452756017
2681.824501104445,2755.72903941543
2846.519650269988,2392.7716644511147
3112.719126506788,2392.771664451114
2452.475096760914,2229.6342610769393
2846.519650269987,2282.738543505192
1990.7246493617538,2282.738543505191
2242.7396340645987,2282.738543505191
2452.4750967609148,2567.8454705099252
2526.658354191202,2449.76146967323
2603.0855307097017,2229.6342610769398
2452.4750967609175,2229.6342610769384
2242.7396340646055,3249.3336722327426
2526.6583541912087,2282.7385435051915
2176.8922940999623,2177.7653653381703
2526.658354191208,2282.7385435051915
2112.978246843295,1982.078798795218
3206.8736582183724,2392.771664451113
2310.578745598362,2392.7716644511133
2526.658354191209,3173.743091119184
3112.71912650679,2888.561363796558
2681.824501104435,2508.1086287739085
2380.469876449828,2449.7614696732285
3206.873658218371,2508.108628773909
2310.5787455983586,2282.7385435051915
2310.5787455983586,2449.7614696732307
2526.6583541912014,2957.359633159488
4070.2133878590225,3027.7965043283766
2176.8922940999596,2127.1031169819453
3303.87620656156,2449.761469673232
3112.7191265067995,2337.107636427904
2681.824501104435,2567.84547050992
2242.7396340646,2691.621385202806
1932.2765260167582,2392.771664451113
1615.9122817640643,2691.6213852028045
2242.7396340646,2691.6213852028054
1820.4780458442342,2337.107636427905
1932.2765260167591,2229.6342610769384
3112.719126506791,2392.7716644511142
2526.65835419121,3405.9588477122966
2681.8245011044482,2629.00509362775
2603.085530709693,2392.7716644511115
2846.5196502699846,1846.9421314222225
1664.7909174497802,2629.005093627754
2176.89229409996,1603.681180093638
3403.8129192616693,2177.765365338171
1875.5444527159782,2392.771664451114
2452.47509676092,2449.7614696732307
2112.9782468432923,2567.8454705099216
1990.724649361751,2691.621385202811
2452.475096760917,2282.738543505191
2526.6583541912073,2077.619445275604
2526.6583541912087,2629.005093627752
2681.82450110444,1935.9688872480742
2603.0855307096936,2282.7385435051915
2112.9782468432973,3249.3336722327426
2762.945193261949,2392.771664451113
1990.724649361752,2567.8454705099216
3303.8762065615633,2508.1086287739063
3112.7191265067936,2177.76536533817
2242.7396340646014,2821.3635767741107
3021.3289930181068,2077.6194452756044
1820.4780458442342,2029.2869325074375
3206.873658218371,2567.845470509919
3206.8736582183774,2337.1076364279043
1990.7246493617538,2392.771664451113
2380.469876449829,1890.931649473632
1990.7246493617554,2229.6342610769384
3506.772549868171,2567.845470509924
2526.6583541912037,1890.9316494736327
2681.824501104443,2629.005093627751
2603.0855307097036,1890.931649473632
3303.8762065615606,2282.738543505192
2526.6583541912055,3173.7430911191855
2380.4698764498276,2508.1086287739085
3612.8465365764964,2282.7385435051915
2452.4750967609184,2508.1086287739095
2846.5196502699832,1982.0787987952165
3834.7172440029844,2177.7653653381713
1522.4181390981848,2567.8454705099207
2932.6220943988806,2821.363576774111
2526.6583541912073,2629.005093627751
2846.5196502699887,2392.7716644511147
2176.8922940999614,2127.103116981946
1875.544452715978,2127.103116981946
2112.978246843294,2282.738543505193
2846.519650269987,2029.2869325074391
2452.4750967609184,2755.7290394154293
2681.824501104445,2229.634261076937
1820.4780458442349,2282.7385435051924
1568.4687338130607,2567.845470509923
2310.5787455983605,2392.771664451113
1932.2765260167569,2508.1086287739104
2242.739634064601,3173.7430911191886
2452.475096760913,2691.6213852028086
2452.475096760914,2957.359633159489
2762.945193261946,2888.561363796557
2681.8245011044364,2567.8454705099207
2526.6583541912046,2282.7385435051924
1990.7246493617522,2508.108628773908
2050.9407303859666,2337.1076364279047
1990.7246493617524,2957.359633159489
2242.7396340646014,2508.1086287739113
1932.276526016759,1846.9421314222222
2846.519650269985,2755.729039415428
1715.148049866699,2449.7614696732294
1820.4780458442362,2077.6194452756026
2176.8922940999637,2392.7716644511133
2846.5196502699837,1721.018982139317
2380.4698764498244,1890.9316494736315
2846.5196502699837,2229.634261076941
2526.6583541912087,2821.3635767741084
2452.47509676091,1890.9316494736327
2846.5196502699846,2127.1031169819457
2310.5787455983655,2127.103116981947
2932.622094398878,2755.729039415424
2242.7396340646023,2629.0050936277535
1820.4780458442353,2691.621385202808
2846.5196502699905,2282.738543505192
2112.978246843293,2337.107636427903
2380.4698764498276,2888.561363796555
2380.469876449827,3027.7965043283775
1990.7246493617547,2755.729039415428
2603.085530709693,2229.6342610769384
3403.812919261677,2392.7716644511142
2310.578745598359,1982.0787987952167
2681.8245011044382,2957.3596331594845
2681.8245011044437,2629.005093627752
3021.328993018103,2821.3635767741102
2681.8245011044423,2392.771664451112
3021.3289930181086,2508.1086287739067
1990.7246493617538,2127.103116981948
3112.7191265067886,1982.0787987952165
3950.711007552282,1935.9688872480742
2846.5196502699873,2029.2869325074398
2310.57874559836,2629.0050936277526
3112.719126506789,2567.845470509919
1990.7246493617536,2449.7614696732294
2681.8245011044432,2392.7716644511115
2112.9782468432945,2508.1086287739085
2380.4698764498266,2629.0050936277526
2681.824501104443,2392.771664451113
2681.824501104444,3099.911004678519
2112.978246843293,2229.6342610769393
2681.82450110444,2337.1076364279065
3303.8762065615674,2629.0050936277516
2452.4750967609166,2229.634261076939
2681.824501104441,2449.761469673229
3021.328993018105,2508.1086287739063
2310.5787455983595,2337.107636427905
2242.7396340646014,2508.1086287739035
3021.3289930181063,2567.845470509923
2603.0855307096936,2392.7716644511133
2242.7396340646023,2177.765365338169
3112.7191265067872,2821.3635767741107
3112.7191265067863,2449.761469673231
2310.57874559836,2449.761469673229
3303.876206561565,2821.3635767741107
3021.328993018099,2567.8454705099225
2526.6583541912,2629.0050936277526
3206.873658218375,2567.845470509919
2242.7396340645987,2392.7716644511142
2112.9782468432923,2449.7614696732285
2310.578745598357,2337.107636427904
3112.7191265067954,2029.2869325074396
2846.5196502699837,2229.6342610769398
2762.9451932619486,2449.761469673229
2681.8245011044414,2337.1076364279043
2932.6220943988756,2755.729039415429
2310.578745598357,1982.0787987952178
2932.6220943988765,3173.7430911191864
2846.5196502699787,2127.103116981947
3021.328993018104,2508.1086287739076
2681.824501104444,1982.078798795217
2050.940730385969,1982.0787987952162
2526.658354191199,1935.968887248077
2681.8245011044355,2449.761469673229
1990.7246493617524,2755.729039415429
2452.475096760912,2629.0050936277494
2762.9451932619513,2957.359633159487
2603.0855307096995,2629.005093627755
2762.9451932619463,2229.6342610769398
2681.8245011044432,2567.845470509921
2452.4750967609157,2957.3596331594886
2762.9451932619463,2077.6194452756044
2310.578745598361,2449.761469673228
3021.328993018104,2629.0050936277535
3303.876206561573,2508.108628773906
2176.8922940999637,2282.7385435051924
3403.8129192616716,2957.3596331594836
2603.0855307097017,2691.6213852028077
2762.9451932619463,2567.845470509923
2452.47509676091,2077.619445275604
2932.6220943988787,2392.771664451112
2762.94519326195,2337.107636427905
3112.71912650679,2567.8454705099216
2681.8245011044405,2508.1086287739085
2176.8922940999623,2449.761469673229
2112.978246843292,2957.3596331594877
2176.8922940999587,2337.107636427905
2681.8245011044373,2449.7614696732307
2603.085530709698,2449.761469673229
2526.658354191204,2127.1031169819466
2681.824501104446,2282.7385435051924
1820.4780458442353,2337.107636427903
2242.7396340646046,1890.9316494736318
2932.622094398881,2229.6342610769398
1568.4687338130602,2508.1086287739076
2526.6583541912055,1982.0787987952165
1875.5444527159773,2629.0050936277535
2603.085530709694,2508.108628773909
2932.6220943988756,2691.621385202806
2452.4750967609143,2567.8454705099207
2050.940730385968,2821.363576774113
2681.824501104446,1982.078798795219
2526.658354191202,2821.363576774109
2681.8245011044505,2392.771664451114
2310.5787455983595,2957.359633159489
2603.0855307097,3173.743091119184
1990.7246493617552,3742.2221653465594
2176.892294099958,2449.761469673229
2112.9782468432945,3099.9110046785186
3206.87365821837,2508.1086287739076
2242.7396340646014,2755.729039415428
2452.4750967609125,3405.9588477123025
2380.469876449821,2508.1086287739067
3206.8736582183687,2567.845470509923
2932.622094398879,2077.6194452756044
2681.8245011044437,2282.7385435051915
2846.5196502699887,2957.359633159487
2112.9782468432945,2567.8454705099225
3722.129083434147,2282.73854350519
2526.658354191208,2337.107636427905
2176.8922940999587,1803.975959560473
2242.7396340646,2029.286932507439
1434.3334204533217,2691.621385202805
2932.6220943988756,2755.729039415428
3021.328993018106,2691.62138520281
2526.658354191206,2392.771664451114
2526.658354191203,1803.9759595604733
3303.876206561565,2449.7614696732303
2050.940730385967,2229.634261076939
2603.085530709702,2957.35963315949
2526.658354191208,2449.7614696732303
3112.7191265067877,2567.845470509921
2846.519650269985,2508.1086287739067
2681.824501104435,1721.0189821393171
2932.622094398879,2691.621385202805
2603.0855307096963,2282.7385435051915
3021.328993018103,2077.619445275604
2452.4750967609116,2077.6194452756054
2452.4750967609098,1982.0787987952158
3021.3289930181018,2449.7614696732276
3021.3289930181068,2229.6342610769384
2380.469876449825,3099.9110046785236
3722.1290834341507,2691.621385202803
2050.9407303859675,2567.845470509921
2762.9451932619404,2957.359633159489
2176.8922940999582,2567.8454705099225
2310.578745598361,2127.1031169819453
2603.085530709699,2077.619445275604
2380.4698764498253,2177.7653653381717
2681.8245011044432,2755.72903941543
2762.9451932619504,1846.9421314222247
2526.6583541912,2337.1076364279043
3403.8129192616802,2449.7614696732285
3403.8129192616702,2337.107636427905
2380.4698764498244,1890.9316494736327
2681.8245011044405,2337.1076364279043
3506.7725498681657,1762.0093273665045
1932.27652601676,2229.6342610769398
2526.658354191202,2821.363576774112
2681.824501104445,2755.7290394154293
2526.6583541912046,2691.6213852028045
2242.739634064605,2229.634261076939
2176.892294099963,2888.561363796556
2242.7396340646005,2077.619445275604
2452.4750967609125,2821.3635767741102
1820.4780458442367,2229.6342610769393
2681.8245011044355,2755.7290394154297
1820.4780458442349,2337.107636427905
2526.6583541912055,2337.1076364279047
2310.578745598361,3027.7965043283752
2603.0855307096963,2888.5613637965553
2932.622094398881,2508.1086287739076
3021.3289930181018,1982.0787987952158
2526.6583541912037,3027.796504328374
3021.3289930181004,1982.0787987952165
2762.9451932619395,2229.6342610769398
1715.1480498666988,2337.107636427904
2242.739634064603,2508.1086287739076
2242.7396340646033,2691.621385202806
2176.892294099965,2177.76536533817
2452.475096760913,2508.1086287739095
2681.824501104444,1982.078798795218
3021.3289930181013,2629.005093627751
2452.4750967609148,2337.107636427905
2310.5787455983645,2177.7653653381713
3021.3289930181086,2229.6342610769393
2242.739634064605,2567.8454705099225
2176.892294099964,2127.1031169819466
3303.8762065615642,2821.3635767741157
4450.849675375019,2337.107636427906
2380.4698764498307,2077.6194452756044
3021.328993018103,2691.6213852028054
3303.8762065615633,2821.363576774115
2176.8922940999605,2337.1076364279043
2310.578745598361,2567.845470509923
2242.7396340646014,2629.005093627756
2380.469876449829,1762.0093273665045
3612.846536576499,2888.561363796557
2932.622094398878,2449.761469673229
2380.4698764498266,2957.359633159486
3206.873658218369,2755.729039415427
2932.6220943988837,2392.77166445111
2452.4750967609166,2449.7614696732303
2681.824501104445,2177.7653653381713
2526.6583541911987,2337.1076364279033
2380.469876449824,1982.0787987952165
2526.6583541912064,2282.738543505192
2452.475096760912,2229.6342610769393
1767.0284010606258,3405.9588477122993
3612.8465365765014,2127.103116981946
1932.2765260167585,2337.1076364279033
2846.5196502699905,2282.7385435051906
2310.578745598363,2957.359633159491
2452.47509676091,3027.796504328378
1615.9122817640634,2127.103116981947
2242.739634064605,2029.286932507439
2603.0855307097036,2755.729039415427
2762.945193261949,2077.619445275603
1932.2765260167596,2282.738543505192
2603.085530709703,2337.1076364279047
2310.5787455983623,3099.9110046785186
2603.0855307097027,2177.76536533817
2526.658354191203,2077.6194452756017
2112.978246843293,2821.3635767741093
3112.719126506789,2888.561363796556
2050.9407303859703,2029.2869325074403
1932.2765260167591,2567.84547050992
2526.6583541912055,2755.7290394154265
2380.4698764498276,3099.9110046785213
3021.3289930181118,3326.7246309411616
2176.8922940999637,2821.3635767741084
2310.578745598361,2282.7385435051915
2380.469876449822,2127.1031169819457
3021.328993018102,2508.1086287739067
2380.4698764498276,2508.1086287739067
3112.7191265067886,2449.7614696732317
2681.824501104445,2392.771664451113
2310.5787455983645,2508.108628773908
2310.578745598359,2629.005093627754
2380.4698764498226,2449.761469673229
2932.6220943988756,1935.9688872480747
2681.82450110444,2691.6213852028054
2176.8922940999587,3027.7965043283775
2932.62209439888,2508.1086287739076
2681.8245011044346,2337.107636427905
3403.812919261673,1846.942131422222
2526.658354191203,2449.7614696732294
3021.3289930181077,2821.363576774111
2932.6220943988833,2229.63426107694
2242.7396340645996,2229.6342610769398
2932.622094398873,3405.9588477123007
2526.658354191204,2629.0050936277535
2310.57874559836,2392.771664451112
3021.3289930181018,2229.6342610769384
1932.2765260167603,2888.5613637965616
2176.892294099961,2508.1086287739076
2681.824501104443,2567.8454705099202
2452.4750967609116,2029.286932507439
2846.519650269986,2127.103116981947
2112.9782468432927,2337.107636427905
3206.873658218369,2691.6213852028095
2176.8922940999614,2127.1031169819457
3303.8762065615715,2337.107636427906
2762.945193261941,2392.771664451113
3021.3289930181018,1935.968887248076
3612.8465365765073,2888.5613637965544
2452.4750967609125,2229.6342610769407
2452.4750967609198,2127.1031169819453
2050.940730385966,2282.738543505191
3206.873658218372,2821.3635767741116
2603.0855307097027,2508.108628773908
2762.945193261946,2337.107636427905
2762.9451932619454,2127.1031169819457
3612.846536576502,3249.3336722327463
1820.4780458442347,2821.3635767741093
3206.873658218371,1803.9759595604723
2112.9782468432936,2337.107636427905
2452.4750967609166,2567.845470509919
2681.82450110444,2567.8454705099225
2050.9407303859675,1982.078798795217
2846.5196502699805,2392.771664451112
1767.0284010606279,2337.1076364279056
2762.945193261949,2077.619445275602
2681.824501104439,2567.845470509924
2526.6583541912037,2629.005093627754
1990.72464936175,2229.6342610769393
2681.8245011044464,2127.103116981946
2603.0855307097036,2337.107636427904
2932.6220943988783,1935.9688872480756
1875.5444527159764,2755.7290394154297
2176.8922940999637,1982.078798795217
2681.824501104435,2691.621385202808
3021.3289930181045,3027.796504328377
2176.89229409996,1982.078798795218
2526.658354191204,2077.619445275605
3303.8762065615674,2508.108628773908
2603.085530709702,2177.7653653381713
2050.940730385968,2449.761469673229
2242.7396340646037,1890.9316494736313
2526.658354191202,2392.771664451113
1932.2765260167603,2691.621385202807
1932.2765260167605,2127.1031169819466
2526.658354191199,2449.7614696732317
3206.873658218373,2282.7385435051915
2310.578745598365,2029.2869325074405
3303.876206561562,2508.108628773908
3021.3289930181018,1935.9688872480763
2310.578745598361,2392.7716644511142
2112.9782468432945,2177.7653653381703
2452.47509676091,1803.9759595604737
3112.7191265067877,2449.7614696732285
2452.4750967609198,2029.2869325074385
2452.4750967609143,2337.1076364279047
2050.940730385969,2337.1076364279043
2452.475096760914,2957.359633159486
2526.658354191199,2821.363576774108
2242.7396340646033,2177.76536533817
2050.940730385966,1982.0787987952167
3112.7191265067945,3027.7965043283743
2452.4750967609143,1982.0787987952165
2681.8245011044346,2229.6342610769384
2380.469876449825,2567.8454705099207
3206.873658218372,2337.107636427904
2112.978246843297,2449.761469673229
2380.469876449829,2755.729039415429
1664.7909174497784,3099.9110046785204
2681.8245011044405,2821.363576774109
2310.578745598358,2392.771664451115
1875.5444527159782,2077.619445275602
2603.0855307097004,2449.7614696732303
3206.8736582183687,2229.6342610769398
2846.519650269987,2508.1086287739104
2310.578745598361,2629.005093627752
2380.469876449829,2957.359633159488
2932.6220943988787,2508.108628773911
2526.658354191208,2508.1086287739076
2762.945193261945,2282.73854350519
2242.7396340645996,2337.1076364279033
3021.3289930181018,2567.8454705099225
2310.578745598357,2229.6342610769375
2242.7396340646,2629.005093627756
2380.469876449825,2821.3635767741084
2112.9782468432927,2127.1031169819466
2603.085530709702,2508.1086287739054
1990.7246493617522,2337.107636427905
2762.9451932619454,1846.9421314222222
3303.876206561562,1721.0189821393167
2242.7396340646037,2957.359633159488
2526.658354191208,2337.1076364279047
2176.892294099958,2691.6213852028077
2932.6220943988756,2229.6342610769398
2452.47509676091,1680.982212115023
3506.772549868169,2629.005093627752
2112.9782468432923,2449.7614696732294
2310.578745598358,2077.619445275604
1875.5444527159768,2282.738543505191
2050.9407303859693,1935.968887248076
2526.6583541912046,2691.621385202806
2932.622094398876,2177.7653653381713
2452.4750967609175,2029.2869325074416
2452.4750967609175,2755.729039415426
1990.7246493617486,1935.968887248076
2526.658354191208,2229.6342610769398
2452.475096760913,2691.6213852028054
3021.328993018103,2392.7716644511133
2452.4750967609175,2392.7716644511133
2242.739634064603,2755.729039415427
2681.824501104446,2029.2869325074405
1990.7246493617538,2282.738543505191
2242.7396340646014,2888.561363796558
3303.8762065615624,2077.6194452756044
2932.6220943988756,2392.7716644511142
2603.085530709703,2629.005093627755
2452.4750967609116,2282.738543505192
1932.276526016757,2508.1086287739076
2846.519650269985,2691.6213852028077
2762.945193261945,2755.7290394154297
1820.4780458442344,3173.743091119186
2310.5787455983595,2888.5613637965566
2526.6583541912046,2229.6342610769398
2681.8245011044405,2392.771664451113
2762.945193261946,2392.7716644511142
2176.8922940999573,2127.1031169819466
2380.469876449824,2449.7614696732285
2452.475096760912,2691.621385202806
2846.5196502699887,2508.108628773908
2526.6583541912,2755.7290394154275
3506.7725498681657,2127.103116981945
3021.3289930181045,2821.3635767741093
2932.6220943988783,2392.7716644511142
3021.328993018104,2229.6342610769384
2846.5196502699782,2567.8454705099252
2526.6583541911987,2567.8454705099252
2380.4698764498285,2567.8454705099202
1875.5444527159777,2127.1031169819485
2380.4698764498303,3099.911004678522
1932.2765260167573,2229.6342610769393
3021.3289930181018,2029.286932507439
2310.578745598356,2888.5613637965553
2176.892294099961,2177.7653653381717
2310.5787455983595,2229.63426107694
1932.276526016757,2888.561363796559
2176.8922940999596,2177.7653653381713
2932.6220943988833,2629.005093627754
2603.085530709694,2449.7614696732307
2380.469876449826,2337.1076364279065
2526.658354191208,2177.7653653381713
2762.9451932619477,1762.0093273665045
2846.519650269985,2755.7290394154293
3206.8736582183765,2888.5613637965566
2932.622094398883,2567.8454705099216
2380.4698764498276,2337.1076364279056
1715.148049866698,1982.0787987952158
2762.9451932619518,2077.6194452756035
2380.4698764498285,2691.621385202806
2681.824501104444,2508.1086287739085
2932.6220943988765,2821.363576774112
1990.7246493617524,2337.107636427904
2603.0855307096995,2567.8454705099234
2603.085530709703,2229.634261076939
2242.7396340646014,2888.561363796559
2846.519650269987,2282.7385435051906
2526.658354191202,2449.7614696732317
2762.945193261953,2691.6213852028086
2242.739634064604,2177.7653653381703
3021.328993018106,2821.363576774111
2526.6583541912046,2282.7385435051924
3021.328993018107,2127.1031169819457
2762.945193261949,3099.911004678523
1715.148049866697,2077.619445275604
2310.578745598358,2449.761469673231
2762.945193261946,2449.761469673232
2452.475096760914,2691.6213852028077
2526.6583541912028,2282.7385435051915
2526.658354191206,2127.103116981947
3021.328993018106,2127.1031169819466
2242.7396340646005,2449.7614696732294
3112.719126506789,2337.1076364279043
3112.7191265067904,2691.621385202811
2932.6220943988756,3173.743091119184
2603.085530709693,2449.7614696732285
2242.7396340646,3027.7965043283793
2681.8245011044437,2567.8454705099216
2846.5196502699896,2282.738543505192
3303.8762065615656,2127.103116981948
2603.0855307097027,2508.108628773909
2932.6220943988833,3173.743091119183
2452.4750967609184,2177.76536533817
3206.873658218369,2691.621385202806
2452.475096760914,2282.7385435051906
3303.8762065615606,2449.7614696732307
2932.6220943988756,2077.619445275605
1932.27652601676,2629.0050936277526
1990.724649361752,1935.968887248076
2176.8922940999587,2127.103116981947
2310.5787455983595,2337.1076364279056
2176.8922940999614,2691.621385202806
2176.8922940999582,2337.107636427905
1932.2765260167585,2755.729039415428
2846.5196502699896,2282.7385435051915
1715.1480498666995,2337.1076364279043
2526.658354191203,2629.00509362775
2681.824501104441,2449.761469673229
2242.739634064601,2755.7290394154275
3112.719126506793,2337.1076364279043
2526.658354191208,2508.1086287739067
2603.0855307097027,2691.621385202805
1568.468733813061,2508.108628773909
2762.9451932619486,2821.3635767741107
1875.5444527159764,2077.619445275603
2050.9407303859693,2337.1076364279033
2380.4698764498253,2177.7653653381703
2310.578745598359,2888.561363796556
2681.8245011044414,2691.621385202806
1875.5444527159787,2449.76146967323
2176.892294099962,2177.7653653381703
3112.7191265067995,2755.729039415429
2762.945193261948,2691.621385202807
2452.4750967609143,2755.7290394154265
2242.7396340645982,2229.6342610769393
1715.1480498666967,2821.3635767741093
2310.57874559836,1890.9316494736315
1932.2765260167596,2229.6342610769398
1990.724649361751,2755.729039415429
2176.8922940999582,2127.1031169819485
2526.6583541912046,2449.7614696732307
2603.0855307097004,2392.771664451113
2762.945193261942,2629.0050936277526
2452.475096760911,2755.7290394154293
2681.8245011044464,3099.911004678518
2380.4698764498266,2229.6342610769384
2932.6220943988806,2755.7290394154265
2112.978246843294,2567.8454705099216
3834.717244002971,2029.2869325074391
2242.7396340646014,1935.9688872480754
2452.4750967609098,3326.7246309411603
2380.4698764498253,2508.1086287739067
3403.8129192616743,1846.942131422223
2310.578745598358,2629.005093627751
2526.6583541912028,2392.771664451112
1990.7246493617508,2177.765365338169
3021.328993018105,2629.0050936277535
2762.9451932619395,2127.103116981947
2762.945193261949,2508.108628773909
2050.940730385969,2392.7716644511147
1990.7246493617506,3027.7965043283725
2603.0855307096977,2392.771664451115
2762.9451932619477,2449.7614696732294
1875.5444527159773,2337.1076364279043
2603.0855307096977,2508.1086287739063
3112.719126506793,2508.1086287739063
2310.5787455983577,2821.3635767741134
2452.475096760912,2449.7614696732307
3303.876206561565,2821.3635767741107
1990.7246493617527,2282.738543505191
1932.276526016759,2888.5613637965594
2681.8245011044423,2755.729039415426
2846.5196502699846,2282.738543505192
2603.0855307096945,2691.621385202807
3403.812919261674,2821.3635767741107
2932.6220943988783,2821.3635767741102
2112.9782468432945,2821.363576774109
2380.469876449826,2337.1076364279047
2112.978246843294,2957.35963315949
2242.7396340646014,2449.7614696732303
2603.0855307096995,2755.729039415428
2681.8245011044414,2229.634261076938
2603.085530709702,2755.729039415429
2846.5196502699864,2888.561363796555
2452.4750967609175,2821.363576774109
2846.519650269978,2029.2869325074385
2452.47509676091,2177.76536533817
4193.330514694082,2567.8454705099216
2603.0855307097027,2821.363576774109
2681.824501104445,2821.363576774112
3021.3289930180995,2029.2869325074391
2603.085530709703,2821.3635767741102
2380.469876449829,2177.76536533817
2242.739634064605,2508.1086287739054
2452.475096760917,2691.6213852028086
2310.578745598359,2282.738543505193
1767.0284010606276,2755.7290394154275
2681.8245011044355,2282.7385435051906
2242.7396340645987,2229.6342610769393
2452.4750967609148,2449.7614696732317
2242.7396340646046,2229.6342610769393
2242.7396340646,2177.7653653381717
2242.739634064605,2508.108628773909
2112.9782468432945,2337.107636427905
2050.9407303859666,1846.9421314222238
2932.6220943988783,2337.107636427905
3403.8129192616757,2508.1086287739076
3303.876206561567,3249.333672232745
2310.578745598364,2508.1086287739104
2452.4750967609143,2755.729039415428
3112.7191265067886,1935.968887248076
2176.892294099962,2508.1086287739076
2762.945193261945,2229.634261076936
1664.7909174497795,2449.7614696732285
2603.0855307096995,2392.7716644511156
3021.3289930181045,2691.6213852028077
2380.469876449825,2229.6342610769393
2242.739634064606,2029.2869325074385
1932.2765260167619,2229.6342610769384
3112.719126506789,2177.76536533817
2762.945193261948,2567.8454705099225
2603.0855307097,2337.1076364279047
2681.8245011044396,2449.7614696732307
3303.876206561565,2508.108628773908
3021.328993018102,2508.1086287739076
2380.469876449826,2629.005093627756
2762.9451932619463,2127.1031169819485
2380.469876449833,2077.619445275603
2242.739634064605,2337.107636427906
2310.5787455983627,2508.1086287739085
3021.3289930181004,2177.7653653381717
2603.0855307096954,2567.845470509918
1875.5444527159768,2888.561363796556
3021.328993018103,2629.0050936277516
2452.4750967609175,2957.3596331594886
2603.0855307096963,2508.1086287739104
1990.7246493617529,2127.1031169819457
2526.658354191207,2508.108628773906
2762.945193261947,2821.3635767741093
2762.9451932619486,2392.771664451114
2380.469876449825,2567.8454705099207
3112.719126506789,2449.761469673232
2176.8922940999596,2629.0050936277507
2932.6220943988837,2821.3635767741116
2681.8245011044355,2282.7385435051915
2176.8922940999582,2177.7653653381717
2380.469876449828,2449.761469673231
2452.475096760913,2821.3635767741116
2846.5196502699887,2229.6342610769398
2526.658354191208,1890.9316494736306
2176.8922940999614,2691.621385202805
2846.5196502699837,2691.621385202803
2310.578745598359,2337.1076364279056
2310.5787455983595,2508.108628773908
2112.978246843296,2567.8454705099216
1767.0284010606279,2077.6194452756026
2932.6220943988815,2629.00509362775
3722.1290834341467,2077.619445275604
2242.739634064603,2077.619445275604
1990.7246493617533,2449.7614696732303
2526.6583541912014,1982.0787987952165
2526.6583541912005,2392.771664451113
2452.4750967609148,3249.3336722327435
2603.085530709693,1890.9316494736315
2380.469876449823,2508.108628773908
2452.4750967609175,2449.7614696732294
2846.5196502699846,2629.005093627754
2176.8922940999637,2888.5613637965544
2932.62209439888,3249.333672232743
2681.824501104441,1803.975959560473
2846.5196502699814,2392.7716644511147
1875.5444527159796,1890.9316494736327
2846.5196502699837,2392.7716644511133
2242.7396340646023,2821.3635767741107
3021.328993018101,2077.6194452756054
3403.812919261671,2629.0050936277535
2310.578745598356,2337.1076364279033
2452.475096760918,2337.107636427904
3612.8465365765037,2029.2869325074396
2603.0855307097004,2127.1031169819466
2310.5787455983573,1890.9316494736313
3021.328993018102,2337.1076364279056
1820.4780458442353,2508.1086287739095
1990.7246493617542,2755.729039415425
2242.7396340646014,2177.7653653381694
3303.876206561568,2567.8454705099225
2452.4750967609193,2282.7385435051888
3021.3289930181013,2127.1031169819466
3403.8129192616752,2629.005093627749
2050.9407303859693,2029.2869325074378
2242.7396340646014,2821.363576774109
2846.5196502699837,2755.72903941543
2242.739634064601,2888.5613637965566
2846.519650269985,2077.6194452756044
3206.8736582183747,2888.5613637965594
2380.469876449829,2957.359633159486
2452.475096760911,1566.3740874548996
2526.658354191206,2691.621385202807
2681.824501104443,2127.1031169819457
2603.085530709701,2629.005093627757
2762.945193261951,2691.6213852028077
2452.4750967609148,2821.363576774113
2846.5196502699805,2629.005093627751
1932.276526016759,2691.6213852028086
2526.6583541912005,2282.7385435051942
2452.4750967609148,2077.619445275604
2310.5787455983586,2888.561363796558
3506.7725498681634,2127.1031169819457
2452.475096760913,2508.108628773906
1875.5444527159773,2449.7614696732294
2176.8922940999664,2508.1086287739067
2112.9782468432995,2888.5613637965553
2242.739634064601,2177.765365338169
2603.0855307097027,2127.1031169819466
1767.028401060627,2957.3596331594904
2681.82450110444,2888.5613637965553
2380.4698764498226,2567.8454705099216
3403.812919261672,2392.771664451114
2310.5787455983614,2127.1031169819457
2932.622094398882,2567.8454705099202
2762.945193261947,2508.1086287739085
2762.9451932619395,2629.0050936277516
2310.5787455983586,2957.359633159489
2932.6220943988765,2957.359633159486
2846.5196502699887,2449.7614696732303
2380.4698764498226,3173.7430911191864
2762.9451932619418,2508.108628773911
2681.824501104443,2691.6213852028054
2380.469876449823,2282.7385435051906
2310.578745598356,2127.1031169819466
3950.7110075522814,2755.729039415425
1990.7246493617488,2449.7614696732294
2050.9407303859707,2392.771664451114
3834.7172440029753,2029.2869325074405
1990.724649361754,2755.72903941543
2932.6220943988815,2567.8454705099216
2380.469876449828,2508.108628773908
3403.812919261672,2449.761469673228
2242.7396340646,2127.103116981947
2452.47509676091,2629.005093627749
2176.892294099961,2567.8454705099234
1664.7909174497797,2449.76146967323
1875.5444527159768,2888.561363796556
2846.519650269984,2177.7653653381713
2242.7396340646037,2392.771664451113
2050.940730385969,2508.1086287739067
2762.9451932619486,2821.3635767741116
2762.945193261945,2957.35963315949
2932.622094398882,2508.1086287739085
3206.873658218367,2282.7385435051906
2310.5787455983614,2567.845470509923
1820.4780458442353,2177.765365338171
2112.9782468432904,2508.1086287739063
2762.9451932619395,2888.561363796559
3112.7191265067877,2957.3596331594845
1990.7246493617502,2449.7614696732307
2380.469876449825,2392.771664451114
1990.7246493617508,2177.7653653381703
2050.9407303859675,2392.7716644511142
2380.469876449824,1935.9688872480783
2846.5196502699873,3249.3336722327463
2762.945193261947,2229.6342610769384
2603.0855307096954,2629.0050936277526
2762.9451932619513,2449.7614696732307
1767.0284010606272,2282.7385435051906
2380.4698764498303,2888.561363796556
2762.945193261943,2337.107636427905
1820.4780458442349,2177.765365338171
2380.4698764498253,2508.1086287739095
2526.658354191206,2127.103116981946
2762.9451932619395,2282.738543505193
2176.892294099965,2077.6194452756035
2526.658354191206,2567.845470509923
2242.7396340645982,3173.743091119186
2846.519650269987,2821.363576774111
2242.7396340646033,2449.761469673229
2846.519650269988,2177.7653653381703
1615.9122817640632,2755.729039415428
2932.622094398881,3326.7246309411635
1767.0284010606267,2957.359633159491
3112.7191265067877,2821.3635767741116
2452.4750967609116,2567.8454705099207
2762.945193261943,2821.363576774111
2176.8922940999596,2888.561363796559
2310.5787455983595,1803.9759595604728
2526.658354191211,2755.7290394154265
2242.7396340646,3405.9588477123007
2932.622094398875,2629.0050936277544
2380.4698764498266,2127.103116981948
2380.4698764498276,2821.3635767741107
2242.7396340645982,2449.7614696732317
2681.824501104441,2177.76536533817
2603.085530709693,2755.729039415429
2846.5196502699887,2567.8454705099234
2603.0855307096995,2392.7716644511142
2932.622094398882,2282.738543505192
2242.739634064605,2755.729039415428
2242.7396340646046,2449.7614696732294
2932.6220943988765,2177.765365338172
2176.8922940999596,2957.359633159487
1875.5444527159764,2077.6194452756054
2176.8922940999614,2567.8454705099225
2310.5787455983627,2567.845470509921
2932.622094398876,2629.005093627752
2380.4698764498253,2508.108628773911
2932.6220943988724,2567.8454705099216
3021.3289930181045,2691.621385202807
2176.8922940999623,1982.078798795218
3206.8736582183647,2077.619445275604
1664.790917449779,3099.911004678524
2603.0855307096936,2508.108628773908
3303.876206561573,2821.3635767741116
2050.94073038597,2177.7653653381726
2846.5196502699905,2567.8454705099216
2846.5196502699805,2508.108628773908
2452.4750967609184,2888.561363796558
2603.0855307096995,2449.7614696732294
2380.4698764498257,2691.621385202807
2526.6583541912,2029.2869325074385
2310.5787455983586,2508.1086287739067
2050.940730385969,2449.7614696732276
2603.085530709705,2029.2869325074394
2762.9451932619486,2392.771664451112
2526.65835419121,2691.621385202808
2176.8922940999582,2821.363576774111
2380.469876449826,2567.8454705099202
2242.7396340646023,2077.619445275604
2380.469876449826,1982.0787987952172
2050.940730385968,2392.771664451117
2310.5787455983623,2282.7385435051906
2242.7396340646037,1982.0787987952167
2762.9451932619477,2077.6194452756044
2846.519650269989,2282.7385435051915
2932.6220943988765,2691.621385202808
2603.0855307096936,2629.0050936277526
2310.5787455983573,1762.0093273665052
2681.824501104446,2691.6213852028054
2452.4750967609157,2177.7653653381713
2176.89229409996,2567.8454705099216
3021.3289930181004,2337.1076364279043
2681.8245011044464,2755.7290394154265
3021.328993018104,2691.6213852028054
2452.4750967609116,2508.1086287739076
2681.8245011044382,2629.0050936277526
2176.892294099961,2629.005093627751
2242.739634064604,1846.9421314222225
1767.0284010606258,2029.2869325074403
2310.5787455983627,2229.6342610769407
2603.0855307097036,2127.1031169819453
2846.5196502699837,2821.3635767741107
2526.6583541912055,2282.738543505192
2932.622094398882,2337.1076364279065
1875.5444527159777,2567.845470509923
2176.892294099964,2177.76536533817
1767.0284010606274,1935.9688872480754
3206.87365821837,2337.107636427904
3612.846536576502,2229.6342610769393
2310.578745598361,2127.1031169819457
1820.4780458442362,2567.8454705099216
2380.469876449829,2508.1086287739095
3112.719126506789,2888.5613637965544
2310.5787455983623,2229.634261076938
2112.9782468432945,2177.7653653381713
2380.4698764498253,2567.845470509919
2526.658354191208,2888.561363796557
2310.5787455983627,2229.634261076941
2846.519650269982,2449.761469673228
2762.945193261948,2229.6342610769393
3403.8129192616752,2127.1031169819466
3206.8736582183715,2077.619445275603
2762.9451932619445,2177.7653653381713
2380.469876449831,2127.103116981947
2310.57874559836,2629.0050936277526
2681.8245011044423,2567.8454705099225
2681.8245011044346,2392.771664451113
2452.4750967609166,2755.7290394154275
2242.7396340646,2755.729039415427
3021.3289930180986,2888.5613637965553
2932.622094398876,2691.6213852028045
2526.658354191207,2508.1086287739076
3021.3289930181036,3027.7965043283743
2603.085530709699,2077.619445275604
2932.6220943988756,2392.7716644511147
2762.945193261946,2449.7614696732307
2526.658354191208,3027.796504328377
2112.9782468432923,2691.6213852028077
2310.5787455983595,2282.738543505191
3206.87365821837,2282.7385435051924
2846.51965026999,2229.634261076938
2452.475096760917,2229.634261076939
2603.0855307096963,2177.765365338171
1932.2765260167578,2282.7385435051924
2380.46987644983,1982.0787987952165
2681.8245011044355,2567.845470509921
2242.739634064605,2229.6342610769393
2846.519650269981,2077.6194452756026
2176.8922940999655,2508.1086287739067
2050.9407303859693,2957.359633159487
2846.519650269988,2888.5613637965575
2176.8922940999596,3173.743091119185
2242.7396340646,2282.738543505192
3612.846536576504,2449.761469673228
2846.5196502699864,2957.3596331594854
2112.9782468432904,2127.1031169819466
3303.8762065615624,2127.103116981947
2380.469876449829,2392.7716644511142
2242.7396340646023,3027.796504328379
2452.475096760912,1982.0787987952176
3206.8736582183697,2229.634261076939
2526.658354191209,2508.1086287739104
1990.7246493617542,2127.1031169819476
1820.478045844234,2177.765365338169
3206.87365821837,1982.0787987952167
2452.47509676091,2449.761469673229
2681.824501104435,2755.7290394154275
2380.4698764498276,1982.078798795217
2603.085530709697,3173.743091119188
2526.6583541912,2888.561363796556
2526.6583541912028,2282.738543505191
1820.4780458442347,2567.84547050992
1820.4780458442353,2177.76536533817
2050.9407303859675,1890.9316494736324
1875.5444527159796,3027.7965043283766
3506.772549868163,2229.6342610769393
1820.478045844234,1846.9421314222238
2681.82450110444,2392.7716644511142
3112.719126506791,2077.6194452756044
2380.469876449829,1566.3740874548994
2452.4750967609166,2127.103116981946
3206.8736582183687,2821.3635767741107
2526.6583541912046,2077.6194452756035
2176.89229409996,2957.359633159489
1932.2765260167598,2629.0050936277526
2310.578745598361,2392.7716644511124
2846.519650269989,2337.107636427905
2762.945193261951,2755.7290394154275
2112.978246843294,2508.108628773908
2242.7396340646023,2392.771664451114
2380.469876449829,2337.107636427905
2380.4698764498257,2567.8454705099216
2380.469876449827,2127.1031169819457
2176.892294099961,1846.942131422223
2380.4698764498257,2821.363576774113
2176.8922940999573,2629.005093627754
3021.3289930181095,2755.729039415428
3112.719126506792,2957.3596331594863
2242.7396340646033,2629.005093627755
